cik,coname,form,file_date,file_name,hlink,rdate,secadate,secatime,accession,type,document,file_size,sequence,description
1000045,NICHOLAS FINANCIAL INC,10-Q,2020-02-14,edgar/data/1000045/0001564590-20-004703.txt,https://www.sec.gov/Archives/edgar/data/1000045/000156459020004703/0001564590-20-004703-index.html,2019-12-31,2020-02-14,08:32:03,0001564590-20-004703,10-Q,nick-10q_20191231.htm,2291505.0,1.0,10-Q
1000045,NICHOLAS FINANCIAL INC,10-Q,2020-02-14,edgar/data/1000045/0001564590-20-004703.txt,https://www.sec.gov/Archives/edgar/data/1000045/000156459020004703/0001564590-20-004703-index.html,2019-12-31,2020-02-14,08:32:03,0001564590-20-004703,EX-31.1,nick-ex311_7.htm,18339.0,2.0,EX-31.1
1000045,NICHOLAS FINANCIAL INC,10-Q,2020-02-14,edgar/data/1000045/0001564590-20-004703.txt,https://www.sec.gov/Archives/edgar/data/1000045/000156459020004703/0001564590-20-004703-index.html,2019-12-31,2020-02-14,08:32:03,0001564590-20-004703,EX-31.2,nick-ex312_6.htm,18371.0,3.0,EX-31.2
1000045,NICHOLAS FINANCIAL INC,10-Q,2020-02-14,edgar/data/1000045/0001564590-20-004703.txt,https://www.sec.gov/Archives/edgar/data/1000045/000156459020004703/0001564590-20-004703-index.html,2019-12-31,2020-02-14,08:32:03,0001564590-20-004703,EX-32.1,nick-ex321_8.htm,3657.0,4.0,EX-32.1
1000045,NICHOLAS FINANCIAL INC,10-Q,2020-02-14,edgar/data/1000045/0001564590-20-004703.txt,https://www.sec.gov/Archives/edgar/data/1000045/000156459020004703/0001564590-20-004703-index.html,2019-12-31,2020-02-14,08:32:03,0001564590-20-004703,EX-32.2,nick-ex322_9.htm,3619.0,5.0,EX-32.2
1000045,NICHOLAS FINANCIAL INC,10-Q,2020-02-14,edgar/data/1000045/0001564590-20-004703.txt,https://www.sec.gov/Archives/edgar/data/1000045/000156459020004703/0001564590-20-004703-index.html,2019-12-31,2020-02-14,08:32:03,0001564590-20-004703,,0001564590-20-004703.txt,8397054.0,,Complete submission text file
1000045,NICHOLAS FINANCIAL INC,10-Q,2020-02-14,edgar/data/1000045/0001564590-20-004703.txt,https://www.sec.gov/Archives/edgar/data/1000045/000156459020004703/0001564590-20-004703-index.html,2019-12-31,2020-02-14,08:32:03,0001564590-20-004703,EX-101.INS,nick-20191231.xml,2148940.0,6.0,XBRL INSTANCE DOCUMENT
1000045,NICHOLAS FINANCIAL INC,10-Q,2020-02-14,edgar/data/1000045/0001564590-20-004703.txt,https://www.sec.gov/Archives/edgar/data/1000045/000156459020004703/0001564590-20-004703-index.html,2019-12-31,2020-02-14,08:32:03,0001564590-20-004703,EX-101.SCH,nick-20191231.xsd,51590.0,7.0,XBRL TAXONOMY EXTENSION SCHEMA
1000045,NICHOLAS FINANCIAL INC,10-Q,2020-02-14,edgar/data/1000045/0001564590-20-004703.txt,https://www.sec.gov/Archives/edgar/data/1000045/000156459020004703/0001564590-20-004703-index.html,2019-12-31,2020-02-14,08:32:03,0001564590-20-004703,EX-101.CAL,nick-20191231_cal.xml,59106.0,8.0,XBRL TAXONOMY EXTENSION CALCULATION LINKBASE
1000045,NICHOLAS FINANCIAL INC,10-Q,2020-02-14,edgar/data/1000045/0001564590-20-004703.txt,https://www.sec.gov/Archives/edgar/data/1000045/000156459020004703/0001564590-20-004703-index.html,2019-12-31,2020-02-14,08:32:03,0001564590-20-004703,EX-101.DEF,nick-20191231_def.xml,159101.0,9.0,XBRL TAXONOMY EXTENSION DEFINITION LINKBASE
1000045,NICHOLAS FINANCIAL INC,10-Q,2020-02-14,edgar/data/1000045/0001564590-20-004703.txt,https://www.sec.gov/Archives/edgar/data/1000045/000156459020004703/0001564590-20-004703-index.html,2019-12-31,2020-02-14,08:32:03,0001564590-20-004703,EX-101.LAB,nick-20191231_lab.xml,356118.0,10.0,XBRL TAXONOMY EXTENSION LABEL LINKBASE
1000045,NICHOLAS FINANCIAL INC,10-Q,2020-02-14,edgar/data/1000045/0001564590-20-004703.txt,https://www.sec.gov/Archives/edgar/data/1000045/000156459020004703/0001564590-20-004703-index.html,2019-12-31,2020-02-14,08:32:03,0001564590-20-004703,EX-101.PRE,nick-20191231_pre.xml,292443.0,11.0,XBRL TAXONOMY EXTENSION PRESENTATION LINKBASE
1000045,NICHOLAS FINANCIAL INC,4,2020-02-11,edgar/data/1000045/0001794162-20-000001.txt,https://www.sec.gov/Archives/edgar/data/1000045/000179416220000001/0001794162-20-000001-index.html,2020-02-10,2020-02-11,10:11:32,0001794162-20-000001,4.0,primary_doc.html,,1.0,PRIMARY DOCUMENT
1000045,NICHOLAS FINANCIAL INC,4,2020-02-11,edgar/data/1000045/0001794162-20-000001.txt,https://www.sec.gov/Archives/edgar/data/1000045/000179416220000001/0001794162-20-000001-index.html,2020-02-10,2020-02-11,10:11:32,0001794162-20-000001,4.0,primary_doc.xml,3038.0,1.0,PRIMARY DOCUMENT
1000045,NICHOLAS FINANCIAL INC,4,2020-02-11,edgar/data/1000045/0001794162-20-000001.txt,https://www.sec.gov/Archives/edgar/data/1000045/000179416220000001/0001794162-20-000001-index.html,2020-02-10,2020-02-11,10:11:32,0001794162-20-000001,,0001794162-20-000001.txt,4423.0,,Complete submission text file
1000045,NICHOLAS FINANCIAL INC,4,2020-03-02,edgar/data/1000045/0001794162-20-000002.txt,https://www.sec.gov/Archives/edgar/data/1000045/000179416220000002/0001794162-20-000002-index.html,2020-02-28,2020-03-02,14:47:04,0001794162-20-000002,4.0,primary_doc.html,,1.0,PRIMARY DOCUMENT
1000045,NICHOLAS FINANCIAL INC,4,2020-03-02,edgar/data/1000045/0001794162-20-000002.txt,https://www.sec.gov/Archives/edgar/data/1000045/000179416220000002/0001794162-20-000002-index.html,2020-02-28,2020-03-02,14:47:04,0001794162-20-000002,4.0,primary_doc.xml,3039.0,1.0,PRIMARY DOCUMENT
1000045,NICHOLAS FINANCIAL INC,4,2020-03-02,edgar/data/1000045/0001794162-20-000002.txt,https://www.sec.gov/Archives/edgar/data/1000045/000179416220000002/0001794162-20-000002-index.html,2020-02-28,2020-03-02,14:47:04,0001794162-20-000002,,0001794162-20-000002.txt,4424.0,,Complete submission text file
1000045,NICHOLAS FINANCIAL INC,4,2020-03-03,edgar/data/1000045/0001398344-20-005055.txt,https://www.sec.gov/Archives/edgar/data/1000045/000139834420005055/0001398344-20-005055-index.html,2020-02-28,2020-03-03,19:11:07,0001398344-20-005055,4.0,fp0051482_4.html,,1.0,
1000045,NICHOLAS FINANCIAL INC,4,2020-03-03,edgar/data/1000045/0001398344-20-005055.txt,https://www.sec.gov/Archives/edgar/data/1000045/000139834420005055/0001398344-20-005055-index.html,2020-02-28,2020-03-03,19:11:07,0001398344-20-005055,4.0,fp0051482_4.xml,10969.0,1.0,
1000045,NICHOLAS FINANCIAL INC,4,2020-03-03,edgar/data/1000045/0001398344-20-005055.txt,https://www.sec.gov/Archives/edgar/data/1000045/000139834420005055/0001398344-20-005055-index.html,2020-02-28,2020-03-03,19:11:07,0001398344-20-005055,,0001398344-20-005055.txt,13503.0,,Complete submission text file
1000045,NICHOLAS FINANCIAL INC,4,2020-03-06,edgar/data/1000045/0001398344-20-005566.txt,https://www.sec.gov/Archives/edgar/data/1000045/000139834420005566/0001398344-20-005566-index.html,2020-03-05,2020-03-06,17:47:26,0001398344-20-005566,4.0,fp0051764_4.html,,1.0,
1000045,NICHOLAS FINANCIAL INC,4,2020-03-06,edgar/data/1000045/0001398344-20-005566.txt,https://www.sec.gov/Archives/edgar/data/1000045/000139834420005566/0001398344-20-005566-index.html,2020-03-05,2020-03-06,17:47:26,0001398344-20-005566,4.0,fp0051764_4.xml,6815.0,1.0,
1000045,NICHOLAS FINANCIAL INC,4,2020-03-06,edgar/data/1000045/0001398344-20-005566.txt,https://www.sec.gov/Archives/edgar/data/1000045/000139834420005566/0001398344-20-005566-index.html,2020-03-05,2020-03-06,17:47:26,0001398344-20-005566,,0001398344-20-005566.txt,9349.0,,Complete submission text file
1000045,NICHOLAS FINANCIAL INC,8-K,2020-01-31,edgar/data/1000045/0001564590-20-002843.txt,https://www.sec.gov/Archives/edgar/data/1000045/000156459020002843/0001564590-20-002843-index.html,2020-01-31,2020-01-31,08:48:31,0001564590-20-002843,8-K,nick-8k_20200131.htm,36222.0,1.0,8-K
1000045,NICHOLAS FINANCIAL INC,8-K,2020-01-31,edgar/data/1000045/0001564590-20-002843.txt,https://www.sec.gov/Archives/edgar/data/1000045/000156459020002843/0001564590-20-002843-index.html,2020-01-31,2020-01-31,08:48:31,0001564590-20-002843,EX-99.1,nick-ex991_6.htm,12529.0,2.0,EX-99.1
1000045,NICHOLAS FINANCIAL INC,8-K,2020-01-31,edgar/data/1000045/0001564590-20-002843.txt,https://www.sec.gov/Archives/edgar/data/1000045/000156459020002843/0001564590-20-002843-index.html,2020-01-31,2020-01-31,08:48:31,0001564590-20-002843,GRAPHIC,g33m4qszisoj000001.jpg,2588.0,3.0,GRAPHIC
1000045,NICHOLAS FINANCIAL INC,8-K,2020-01-31,edgar/data/1000045/0001564590-20-002843.txt,https://www.sec.gov/Archives/edgar/data/1000045/000156459020002843/0001564590-20-002843-index.html,2020-01-31,2020-01-31,08:48:31,0001564590-20-002843,,0001564590-20-002843.txt,53610.0,,Complete submission text file
1000045,NICHOLAS FINANCIAL INC,8-K,2020-02-06,edgar/data/1000045/0001564590-20-003598.txt,https://www.sec.gov/Archives/edgar/data/1000045/000156459020003598/0001564590-20-003598-index.html,2020-02-06,2020-02-06,08:30:21,0001564590-20-003598,8-K,nick-8k_20200206.htm,35093.0,1.0,8-K
1000045,NICHOLAS FINANCIAL INC,8-K,2020-02-06,edgar/data/1000045/0001564590-20-003598.txt,https://www.sec.gov/Archives/edgar/data/1000045/000156459020003598/0001564590-20-003598-index.html,2020-02-06,2020-02-06,08:30:21,0001564590-20-003598,EX-99.1,nick-ex991_6.htm,918940.0,2.0,EX-99.1
1000045,NICHOLAS FINANCIAL INC,8-K,2020-02-06,edgar/data/1000045/0001564590-20-003598.txt,https://www.sec.gov/Archives/edgar/data/1000045/000156459020003598/0001564590-20-003598-index.html,2020-02-06,2020-02-06,08:30:21,0001564590-20-003598,GRAPHIC,gi40nijilhoh000001.jpg,2588.0,3.0,GRAPHIC
1000045,NICHOLAS FINANCIAL INC,8-K,2020-02-06,edgar/data/1000045/0001564590-20-003598.txt,https://www.sec.gov/Archives/edgar/data/1000045/000156459020003598/0001564590-20-003598-index.html,2020-02-06,2020-02-06,08:30:21,0001564590-20-003598,,0001564590-20-003598.txt,958925.0,,Complete submission text file
1000045,NICHOLAS FINANCIAL INC,8-K,2020-02-21,edgar/data/1000045/0001564590-20-005611.txt,https://www.sec.gov/Archives/edgar/data/1000045/000156459020005611/0001564590-20-005611-index.html,2020-02-20,2020-02-20,18:00:57,0001564590-20-005611,8-K,nick-8k_20200221.htm,36316.0,1.0,8-K
1000045,NICHOLAS FINANCIAL INC,8-K,2020-02-21,edgar/data/1000045/0001564590-20-005611.txt,https://www.sec.gov/Archives/edgar/data/1000045/000156459020005611/0001564590-20-005611-index.html,2020-02-20,2020-02-20,18:00:57,0001564590-20-005611,EX-99.1,nick-ex991_6.htm,11929.0,2.0,EX-99.1
1000045,NICHOLAS FINANCIAL INC,8-K,2020-02-21,edgar/data/1000045/0001564590-20-005611.txt,https://www.sec.gov/Archives/edgar/data/1000045/000156459020005611/0001564590-20-005611-index.html,2020-02-20,2020-02-20,18:00:57,0001564590-20-005611,GRAPHIC,g4imb0ygrbkn000001.jpg,2588.0,3.0,GRAPHIC
1000045,NICHOLAS FINANCIAL INC,8-K,2020-02-21,edgar/data/1000045/0001564590-20-005611.txt,https://www.sec.gov/Archives/edgar/data/1000045/000156459020005611/0001564590-20-005611-index.html,2020-02-20,2020-02-20,18:00:57,0001564590-20-005611,,0001564590-20-005611.txt,53104.0,,Complete submission text file
1000045,NICHOLAS FINANCIAL INC,8-K,2020-02-25,edgar/data/1000045/0001564590-20-006409.txt,https://www.sec.gov/Archives/edgar/data/1000045/000156459020006409/0001564590-20-006409-index.html,2020-02-20,2020-02-25,16:30:27,0001564590-20-006409,8-K,nick-8k_20200225.htm,32532.0,1.0,8-K
1000045,NICHOLAS FINANCIAL INC,8-K,2020-02-25,edgar/data/1000045/0001564590-20-006409.txt,https://www.sec.gov/Archives/edgar/data/1000045/000156459020006409/0001564590-20-006409-index.html,2020-02-20,2020-02-25,16:30:27,0001564590-20-006409,,0001564590-20-006409.txt,33645.0,,Complete submission text file
1000045,NICHOLAS FINANCIAL INC,SC 13D/A,2020-03-04,edgar/data/1000045/0001398344-20-005156.txt,https://www.sec.gov/Archives/edgar/data/1000045/000139834420005156/0001398344-20-005156-index.html,NA,2020-03-04,12:45:04,0001398344-20-005156,SC 13D/A,fp0051667_sc13da.htm,71499.0,1.0,
1000045,NICHOLAS FINANCIAL INC,SC 13D/A,2020-03-04,edgar/data/1000045/0001398344-20-005156.txt,https://www.sec.gov/Archives/edgar/data/1000045/000139834420005156/0001398344-20-005156-index.html,NA,2020-03-04,12:45:04,0001398344-20-005156,,0001398344-20-005156.txt,73016.0,,Complete submission text file
1000045,NICHOLAS FINANCIAL INC,SC 13G/A,2020-02-07,edgar/data/1000045/0000315066-20-001137.txt,https://www.sec.gov/Archives/edgar/data/1000045/000031506620001137/0000315066-20-001137-index.html,NA,2020-02-07,11:26:24,0000315066-20-001137,SC 13G/A,filing.txt,6773.0,1.0,
1000045,NICHOLAS FINANCIAL INC,SC 13G/A,2020-02-07,edgar/data/1000045/0000315066-20-001137.txt,https://www.sec.gov/Archives/edgar/data/1000045/000031506620001137/0000315066-20-001137-index.html,NA,2020-02-07,11:26:24,0000315066-20-001137,,0000315066-20-001137.txt,8403.0,,Complete submission text file
1000045,NICHOLAS FINANCIAL INC,SC 13G/A,2020-02-07,edgar/data/1000045/0001104659-20-012312.txt,https://www.sec.gov/Archives/edgar/data/1000045/000110465920012312/0001104659-20-012312-index.html,NA,2020-02-07,10:51:57,0001104659-20-012312,SC 13G/A,a20-6861_3sc13ga.htm,69016.0,1.0,SC 13G/A
1000045,NICHOLAS FINANCIAL INC,SC 13G/A,2020-02-07,edgar/data/1000045/0001104659-20-012312.txt,https://www.sec.gov/Archives/edgar/data/1000045/000110465920012312/0001104659-20-012312-index.html,NA,2020-02-07,10:51:57,0001104659-20-012312,,0001104659-20-012312.txt,70654.0,,Complete submission text file
1000045,NICHOLAS FINANCIAL INC,SC 13G/A,2020-02-11,edgar/data/1000045/0001019056-20-000070.txt,https://www.sec.gov/Archives/edgar/data/1000045/000101905620000070/0001019056-20-000070-index.html,NA,2020-02-11,14:17:22,0001019056-20-000070,SC 13G/A,nicholas_13ga3.htm,177122.0,1.0,SC 13G/A
1000045,NICHOLAS FINANCIAL INC,SC 13G/A,2020-02-11,edgar/data/1000045/0001019056-20-000070.txt,https://www.sec.gov/Archives/edgar/data/1000045/000101905620000070/0001019056-20-000070-index.html,NA,2020-02-11,14:17:22,0001019056-20-000070,EX-1,ex_1.htm,23300.0,2.0,EXHIBIT1
1000045,NICHOLAS FINANCIAL INC,SC 13G/A,2020-02-11,edgar/data/1000045/0001019056-20-000070.txt,https://www.sec.gov/Archives/edgar/data/1000045/000101905620000070/0001019056-20-000070-index.html,NA,2020-02-11,14:17:22,0001019056-20-000070,EX-2,ex_2.htm,2758.0,3.0,EXHIBIT 2
1000045,NICHOLAS FINANCIAL INC,SC 13G/A,2020-02-11,edgar/data/1000045/0001019056-20-000070.txt,https://www.sec.gov/Archives/edgar/data/1000045/000101905620000070/0001019056-20-000070-index.html,NA,2020-02-11,14:17:22,0001019056-20-000070,,0001019056-20-000070.txt,205078.0,,Complete submission text file
1000045,NICHOLAS FINANCIAL INC,SC 13G/A,2020-02-12,edgar/data/1000045/0001258897-20-001185.txt,https://www.sec.gov/Archives/edgar/data/1000045/000125889720001185/0001258897-20-001185-index.html,NA,2020-02-12,11:45:13,0001258897-20-001185,SC 13G/A,dfs442.htm,51244.0,1.0,SCHEDULE 13G/A
1000045,NICHOLAS FINANCIAL INC,SC 13G/A,2020-02-12,edgar/data/1000045/0001258897-20-001185.txt,https://www.sec.gov/Archives/edgar/data/1000045/000125889720001185/0001258897-20-001185-index.html,NA,2020-02-12,11:45:13,0001258897-20-001185,,0001258897-20-001185.txt,52974.0,,Complete submission text file
1000045,NICHOLAS FINANCIAL INC,SC 13G,2020-02-12,edgar/data/1000045/0001037389-20-000051.txt,https://www.sec.gov/Archives/edgar/data/1000045/000103738920000051/0001037389-20-000051-index.html,NA,2020-02-12,15:48:05,0001037389-20-000051,SC 13G,nick-13g_20191231.txt,11668.0,1.0,
1000045,NICHOLAS FINANCIAL INC,SC 13G,2020-02-12,edgar/data/1000045/0001037389-20-000051.txt,https://www.sec.gov/Archives/edgar/data/1000045/000103738920000051/0001037389-20-000051-index.html,NA,2020-02-12,15:48:05,0001037389-20-000051,,0001037389-20-000051.txt,13266.0,,Complete submission text file
1000097,"KINGDON CAPITAL MANAGEMENT, L.L.C.",13F-HR,2020-02-14,edgar/data/1000097/0001000097-20-000004.txt,https://www.sec.gov/Archives/edgar/data/1000097/000100009720000004/0001000097-20-000004-index.html,2019-12-31,2020-02-14,13:15:56,0001000097-20-000004,13F-HR,primary_doc.html,,1.0,
1000097,"KINGDON CAPITAL MANAGEMENT, L.L.C.",13F-HR,2020-02-14,edgar/data/1000097/0001000097-20-000004.txt,https://www.sec.gov/Archives/edgar/data/1000097/000100009720000004/0001000097-20-000004-index.html,2019-12-31,2020-02-14,13:15:56,0001000097-20-000004,13F-HR,primary_doc.xml,1938.0,1.0,
1000097,"KINGDON CAPITAL MANAGEMENT, L.L.C.",13F-HR,2020-02-14,edgar/data/1000097/0001000097-20-000004.txt,https://www.sec.gov/Archives/edgar/data/1000097/000100009720000004/0001000097-20-000004-index.html,2019-12-31,2020-02-14,13:15:56,0001000097-20-000004,INFORMATION TABLE,data.html,,2.0,
1000097,"KINGDON CAPITAL MANAGEMENT, L.L.C.",13F-HR,2020-02-14,edgar/data/1000097/0001000097-20-000004.txt,https://www.sec.gov/Archives/edgar/data/1000097/000100009720000004/0001000097-20-000004-index.html,2019-12-31,2020-02-14,13:15:56,0001000097-20-000004,INFORMATION TABLE,data.xml,23110.0,2.0,
1000097,"KINGDON CAPITAL MANAGEMENT, L.L.C.",13F-HR,2020-02-14,edgar/data/1000097/0001000097-20-000004.txt,https://www.sec.gov/Archives/edgar/data/1000097/000100009720000004/0001000097-20-000004-index.html,2019-12-31,2020-02-14,13:15:56,0001000097-20-000004,,0001000097-20-000004.txt,26439.0,,Complete submission text file
1000097,"KINGDON CAPITAL MANAGEMENT, L.L.C.",SC 13G/A,2020-02-10,edgar/data/1000097/0000919574-20-000875.txt,https://www.sec.gov/Archives/edgar/data/1000097/000091957420000875/0000919574-20-000875-index.html,NA,2020-02-10,17:05:22,0000919574-20-000875,SC 13G/A,d8475060_13g-a.htm,102150.0,1.0,
1000097,"KINGDON CAPITAL MANAGEMENT, L.L.C.",SC 13G/A,2020-02-10,edgar/data/1000097/0000919574-20-000875.txt,https://www.sec.gov/Archives/edgar/data/1000097/000091957420000875/0000919574-20-000875-index.html,NA,2020-02-10,17:05:22,0000919574-20-000875,,0000919574-20-000875.txt,103957.0,,Complete submission text file
1000097,"KINGDON CAPITAL MANAGEMENT, L.L.C.",SC 13G/A,2020-02-10,edgar/data/1000097/0000919574-20-000877.txt,https://www.sec.gov/Archives/edgar/data/1000097/000091957420000877/0000919574-20-000877-index.html,NA,2020-02-10,17:07:29,0000919574-20-000877,SC 13G/A,d8475061_13g-a.htm,101989.0,1.0,
1000097,"KINGDON CAPITAL MANAGEMENT, L.L.C.",SC 13G/A,2020-02-10,edgar/data/1000097/0000919574-20-000877.txt,https://www.sec.gov/Archives/edgar/data/1000097/000091957420000877/0000919574-20-000877-index.html,NA,2020-02-10,17:07:29,0000919574-20-000877,,0000919574-20-000877.txt,103760.0,,Complete submission text file
1000097,"KINGDON CAPITAL MANAGEMENT, L.L.C.",SC 13G/A,2020-02-10,edgar/data/1000097/0000919574-20-000879.txt,https://www.sec.gov/Archives/edgar/data/1000097/000091957420000879/0000919574-20-000879-index.html,NA,2020-02-10,17:12:38,0000919574-20-000879,SC 13G/A,d8475063_13g-a.htm,98233.0,1.0,
1000097,"KINGDON CAPITAL MANAGEMENT, L.L.C.",SC 13G/A,2020-02-10,edgar/data/1000097/0000919574-20-000879.txt,https://www.sec.gov/Archives/edgar/data/1000097/000091957420000879/0000919574-20-000879-index.html,NA,2020-02-10,17:12:38,0000919574-20-000879,,0000919574-20-000879.txt,100050.0,,Complete submission text file
1000152,"WESTERN INTERNATIONAL SECURITIES, INC.",FOCUSN,2020-03-20,edgar/data/1000152/9999999997-20-003463.txt,https://www.sec.gov/Archives/edgar/data/1000152/999999999720003463/9999999997-20-003463-index.html,2019-12-31,2020-06-05,16:53:26,9999999997-20-003463,FOCUSN,9999999997-20-003463.paper,293.0,1.0,AUTO-GENERATED PAPER DOCUMENT
1000152,"WESTERN INTERNATIONAL SECURITIES, INC.",FOCUSN,2020-03-20,edgar/data/1000152/9999999997-20-003463.txt,https://www.sec.gov/Archives/edgar/data/1000152/999999999720003463/9999999997-20-003463-index.html,2019-12-31,2020-06-05,16:53:26,9999999997-20-003463,,9999999997-20-003463.txt,1423.0,,Complete submission text file
1000152,"WESTERN INTERNATIONAL SECURITIES, INC.",X-17A-5,2020-03-20,edgar/data/1000152/9999999997-20-003390.txt,https://www.sec.gov/Archives/edgar/data/1000152/999999999720003390/9999999997-20-003390-index.html,2019-12-31,2020-06-04,09:23:13,9999999997-20-003390,X-17A-5,9999999997-20-003390.paper,294.0,1.0,AUTO-GENERATED PAPER DOCUMENT
1000152,"WESTERN INTERNATIONAL SECURITIES, INC.",X-17A-5,2020-03-20,edgar/data/1000152/9999999997-20-003390.txt,https://www.sec.gov/Archives/edgar/data/1000152/999999999720003390/9999999997-20-003390-index.html,2019-12-31,2020-06-04,09:23:13,9999999997-20-003390,,scanned.pdf,882776.0,,Scanned paper document
1000152,"WESTERN INTERNATIONAL SECURITIES, INC.",X-17A-5,2020-03-20,edgar/data/1000152/9999999997-20-003390.txt,https://www.sec.gov/Archives/edgar/data/1000152/999999999720003390/9999999997-20-003390-index.html,2019-12-31,2020-06-04,09:23:13,9999999997-20-003390,,9999999997-20-003390.txt,1460.0,,Complete submission text file
1000177,NORDIC AMERICAN TANKERS Ltd,6-K,2020-02-25,edgar/data/1000177/0000919574-20-001950.txt,https://www.sec.gov/Archives/edgar/data/1000177/000091957420001950/0000919574-20-001950-index.html,2020-02-29,2020-02-25,16:06:44,0000919574-20-001950,6-K,d8481686_6-k.htm,282032.0,1.0,
1000177,NORDIC AMERICAN TANKERS Ltd,6-K,2020-02-25,edgar/data/1000177/0000919574-20-001950.txt,https://www.sec.gov/Archives/edgar/data/1000177/000091957420001950/0000919574-20-001950-index.html,2020-02-29,2020-02-25,16:06:44,0000919574-20-001950,GRAPHIC,image0.jpg,5386.0,2.0,
1000177,NORDIC AMERICAN TANKERS Ltd,6-K,2020-02-25,edgar/data/1000177/0000919574-20-001950.txt,https://www.sec.gov/Archives/edgar/data/1000177/000091957420001950/0000919574-20-001950-index.html,2020-02-29,2020-02-25,16:06:44,0000919574-20-001950,,0000919574-20-001950.txt,290670.0,,Complete submission text file
1000177,NORDIC AMERICAN TANKERS Ltd,SC 13G,2020-02-07,edgar/data/1000177/0000834237-20-008215.txt,https://www.sec.gov/Archives/edgar/data/1000177/000083423720008215/0000834237-20-008215-index.html,NA,2020-02-07,08:45:52,0000834237-20-008215,SC 13G,bmg657731060_020620.txt,11459.0,1.0,
1000177,NORDIC AMERICAN TANKERS Ltd,SC 13G,2020-02-07,edgar/data/1000177/0000834237-20-008215.txt,https://www.sec.gov/Archives/edgar/data/1000177/000083423720008215/0000834237-20-008215-index.html,NA,2020-02-07,08:45:52,0000834237-20-008215,,0000834237-20-008215.txt,13285.0,,Complete submission text file
1000184,SAP SE,20-F,2020-02-27,edgar/data/1000184/0001104659-20-025681.txt,https://www.sec.gov/Archives/edgar/data/1000184/000110465920025681/0001104659-20-025681-index.html,2019-12-31,2020-02-27,07:04:12,0001104659-20-025681,20-F,sap-20191231x20f6ea59a.htm iXBRL,11116664.0,1.0,20-F
1000184,SAP SE,20-F,2020-02-27,edgar/data/1000184/0001104659-20-025681.txt,https://www.sec.gov/Archives/edgar/data/1000184/000110465920025681/0001104659-20-025681-index.html,2019-12-31,2020-02-27,07:04:12,0001104659-20-025681,EX-12.1,ex-12d1.htm,13721.0,2.0,EX-12.1
1000184,SAP SE,20-F,2020-02-27,edgar/data/1000184/0001104659-20-025681.txt,https://www.sec.gov/Archives/edgar/data/1000184/000110465920025681/0001104659-20-025681-index.html,2019-12-31,2020-02-27,07:04:12,0001104659-20-025681,EX-12.2,ex-12d2.htm,13739.0,3.0,EX-12.2
1000184,SAP SE,20-F,2020-02-27,edgar/data/1000184/0001104659-20-025681.txt,https://www.sec.gov/Archives/edgar/data/1000184/000110465920025681/0001104659-20-025681-index.html,2019-12-31,2020-02-27,07:04:12,0001104659-20-025681,EX-12.3,ex-12d3.htm,15252.0,4.0,EX-12.3
1000184,SAP SE,20-F,2020-02-27,edgar/data/1000184/0001104659-20-025681.txt,https://www.sec.gov/Archives/edgar/data/1000184/000110465920025681/0001104659-20-025681-index.html,2019-12-31,2020-02-27,07:04:12,0001104659-20-025681,EX-13.1,ex-13d1.htm,6768.0,5.0,EX-13.1
1000184,SAP SE,20-F,2020-02-27,edgar/data/1000184/0001104659-20-025681.txt,https://www.sec.gov/Archives/edgar/data/1000184/000110465920025681/0001104659-20-025681-index.html,2019-12-31,2020-02-27,07:04:12,0001104659-20-025681,EX-13.2,ex-13d2.htm,9799.0,6.0,EX-13.2
1000184,SAP SE,20-F,2020-02-27,edgar/data/1000184/0001104659-20-025681.txt,https://www.sec.gov/Archives/edgar/data/1000184/000110465920025681/0001104659-20-025681-index.html,2019-12-31,2020-02-27,07:04:12,0001104659-20-025681,EX-13.3,ex-13d3.htm,10213.0,7.0,EX-13.3
1000184,SAP SE,20-F,2020-02-27,edgar/data/1000184/0001104659-20-025681.txt,https://www.sec.gov/Archives/edgar/data/1000184/000110465920025681/0001104659-20-025681-index.html,2019-12-31,2020-02-27,07:04:12,0001104659-20-025681,EX-15,ex-15.htm,3858.0,8.0,EX-15
1000184,SAP SE,20-F,2020-02-27,edgar/data/1000184/0001104659-20-025681.txt,https://www.sec.gov/Archives/edgar/data/1000184/000110465920025681/0001104659-20-025681-index.html,2019-12-31,2020-02-27,07:04:12,0001104659-20-025681,GRAPHIC,sap-20191231x20f6ea59a003.jpg,56082.0,14.0,GRAPHIC
1000184,SAP SE,20-F,2020-02-27,edgar/data/1000184/0001104659-20-025681.txt,https://www.sec.gov/Archives/edgar/data/1000184/000110465920025681/0001104659-20-025681-index.html,2019-12-31,2020-02-27,07:04:12,0001104659-20-025681,GRAPHIC,sap-20191231x20f6ea59a005.jpg,19619.0,15.0,GRAPHIC
1000184,SAP SE,20-F,2020-02-27,edgar/data/1000184/0001104659-20-025681.txt,https://www.sec.gov/Archives/edgar/data/1000184/000110465920025681/0001104659-20-025681-index.html,2019-12-31,2020-02-27,07:04:12,0001104659-20-025681,GRAPHIC,sap-20191231x20f6ea59a006.jpg,12318.0,16.0,GRAPHIC
1000184,SAP SE,20-F,2020-02-27,edgar/data/1000184/0001104659-20-025681.txt,https://www.sec.gov/Archives/edgar/data/1000184/000110465920025681/0001104659-20-025681-index.html,2019-12-31,2020-02-27,07:04:12,0001104659-20-025681,GRAPHIC,sap-20191231x20f6ea59a007.jpg,12116.0,17.0,GRAPHIC
1000184,SAP SE,20-F,2020-02-27,edgar/data/1000184/0001104659-20-025681.txt,https://www.sec.gov/Archives/edgar/data/1000184/000110465920025681/0001104659-20-025681-index.html,2019-12-31,2020-02-27,07:04:12,0001104659-20-025681,GRAPHIC,sap-20191231x20f6ea59a008.jpg,12162.0,18.0,GRAPHIC
1000184,SAP SE,20-F,2020-02-27,edgar/data/1000184/0001104659-20-025681.txt,https://www.sec.gov/Archives/edgar/data/1000184/000110465920025681/0001104659-20-025681-index.html,2019-12-31,2020-02-27,07:04:12,0001104659-20-025681,GRAPHIC,sap-20191231x20f6ea59a009.jpg,11593.0,19.0,GRAPHIC
1000184,SAP SE,20-F,2020-02-27,edgar/data/1000184/0001104659-20-025681.txt,https://www.sec.gov/Archives/edgar/data/1000184/000110465920025681/0001104659-20-025681-index.html,2019-12-31,2020-02-27,07:04:12,0001104659-20-025681,GRAPHIC,sap-20191231x20f6ea59a010.jpg,12291.0,20.0,GRAPHIC
1000184,SAP SE,20-F,2020-02-27,edgar/data/1000184/0001104659-20-025681.txt,https://www.sec.gov/Archives/edgar/data/1000184/000110465920025681/0001104659-20-025681-index.html,2019-12-31,2020-02-27,07:04:12,0001104659-20-025681,GRAPHIC,sap-20191231x20f6ea59a011.jpg,7256.0,21.0,GRAPHIC
1000184,SAP SE,20-F,2020-02-27,edgar/data/1000184/0001104659-20-025681.txt,https://www.sec.gov/Archives/edgar/data/1000184/000110465920025681/0001104659-20-025681-index.html,2019-12-31,2020-02-27,07:04:12,0001104659-20-025681,GRAPHIC,sap-20191231x20f6ea59a012.jpg,12116.0,22.0,GRAPHIC
1000184,SAP SE,20-F,2020-02-27,edgar/data/1000184/0001104659-20-025681.txt,https://www.sec.gov/Archives/edgar/data/1000184/000110465920025681/0001104659-20-025681-index.html,2019-12-31,2020-02-27,07:04:12,0001104659-20-025681,GRAPHIC,sap-20191231x20f6ea59a013.jpg,11338.0,23.0,GRAPHIC
1000184,SAP SE,20-F,2020-02-27,edgar/data/1000184/0001104659-20-025681.txt,https://www.sec.gov/Archives/edgar/data/1000184/000110465920025681/0001104659-20-025681-index.html,2019-12-31,2020-02-27,07:04:12,0001104659-20-025681,GRAPHIC,sap-20191231x20f6ea59a014.jpg,12196.0,24.0,GRAPHIC
1000184,SAP SE,20-F,2020-02-27,edgar/data/1000184/0001104659-20-025681.txt,https://www.sec.gov/Archives/edgar/data/1000184/000110465920025681/0001104659-20-025681-index.html,2019-12-31,2020-02-27,07:04:12,0001104659-20-025681,GRAPHIC,sap-20191231x20f6ea59a015.jpg,8331.0,25.0,GRAPHIC
1000184,SAP SE,20-F,2020-02-27,edgar/data/1000184/0001104659-20-025681.txt,https://www.sec.gov/Archives/edgar/data/1000184/000110465920025681/0001104659-20-025681-index.html,2019-12-31,2020-02-27,07:04:12,0001104659-20-025681,GRAPHIC,sap-20191231x20f6ea59a016.jpg,12738.0,26.0,GRAPHIC
1000184,SAP SE,20-F,2020-02-27,edgar/data/1000184/0001104659-20-025681.txt,https://www.sec.gov/Archives/edgar/data/1000184/000110465920025681/0001104659-20-025681-index.html,2019-12-31,2020-02-27,07:04:12,0001104659-20-025681,GRAPHIC,sap-20191231x20f6ea59a017.jpg,13889.0,27.0,GRAPHIC
1000184,SAP SE,20-F,2020-02-27,edgar/data/1000184/0001104659-20-025681.txt,https://www.sec.gov/Archives/edgar/data/1000184/000110465920025681/0001104659-20-025681-index.html,2019-12-31,2020-02-27,07:04:12,0001104659-20-025681,GRAPHIC,sap-20191231x20f6ea59a018.jpg,13135.0,28.0,GRAPHIC
1000184,SAP SE,20-F,2020-02-27,edgar/data/1000184/0001104659-20-025681.txt,https://www.sec.gov/Archives/edgar/data/1000184/000110465920025681/0001104659-20-025681-index.html,2019-12-31,2020-02-27,07:04:12,0001104659-20-025681,GRAPHIC,sap-20191231x20f6ea59a019.jpg,12887.0,29.0,GRAPHIC
1000184,SAP SE,20-F,2020-02-27,edgar/data/1000184/0001104659-20-025681.txt,https://www.sec.gov/Archives/edgar/data/1000184/000110465920025681/0001104659-20-025681-index.html,2019-12-31,2020-02-27,07:04:12,0001104659-20-025681,GRAPHIC,sap-20191231x20f6ea59a020.jpg,12812.0,30.0,GRAPHIC
1000184,SAP SE,20-F,2020-02-27,edgar/data/1000184/0001104659-20-025681.txt,https://www.sec.gov/Archives/edgar/data/1000184/000110465920025681/0001104659-20-025681-index.html,2019-12-31,2020-02-27,07:04:12,0001104659-20-025681,GRAPHIC,sap-20191231x20f6ea59a021.jpg,20257.0,31.0,GRAPHIC
1000184,SAP SE,20-F,2020-02-27,edgar/data/1000184/0001104659-20-025681.txt,https://www.sec.gov/Archives/edgar/data/1000184/000110465920025681/0001104659-20-025681-index.html,2019-12-31,2020-02-27,07:04:12,0001104659-20-025681,GRAPHIC,sap-20191231x20f6ea59a022.jpg,7603.0,32.0,GRAPHIC
1000184,SAP SE,20-F,2020-02-27,edgar/data/1000184/0001104659-20-025681.txt,https://www.sec.gov/Archives/edgar/data/1000184/000110465920025681/0001104659-20-025681-index.html,2019-12-31,2020-02-27,07:04:12,0001104659-20-025681,GRAPHIC,sap-20191231x20f6ea59a023.jpg,22831.0,33.0,GRAPHIC
1000184,SAP SE,20-F,2020-02-27,edgar/data/1000184/0001104659-20-025681.txt,https://www.sec.gov/Archives/edgar/data/1000184/000110465920025681/0001104659-20-025681-index.html,2019-12-31,2020-02-27,07:04:12,0001104659-20-025681,GRAPHIC,sap-20191231x20f6ea59a024.jpg,23496.0,34.0,GRAPHIC
1000184,SAP SE,20-F,2020-02-27,edgar/data/1000184/0001104659-20-025681.txt,https://www.sec.gov/Archives/edgar/data/1000184/000110465920025681/0001104659-20-025681-index.html,2019-12-31,2020-02-27,07:04:12,0001104659-20-025681,GRAPHIC,sap-20191231x20f6ea59a026.jpg,34832.0,35.0,GRAPHIC
1000184,SAP SE,20-F,2020-02-27,edgar/data/1000184/0001104659-20-025681.txt,https://www.sec.gov/Archives/edgar/data/1000184/000110465920025681/0001104659-20-025681-index.html,2019-12-31,2020-02-27,07:04:12,0001104659-20-025681,GRAPHIC,sap-20191231x20f6ea59a027.jpg,61706.0,36.0,GRAPHIC
1000184,SAP SE,20-F,2020-02-27,edgar/data/1000184/0001104659-20-025681.txt,https://www.sec.gov/Archives/edgar/data/1000184/000110465920025681/0001104659-20-025681-index.html,2019-12-31,2020-02-27,07:04:12,0001104659-20-025681,GRAPHIC,sap-20191231x20f6ea59a029.jpg,70585.0,37.0,GRAPHIC
1000184,SAP SE,20-F,2020-02-27,edgar/data/1000184/0001104659-20-025681.txt,https://www.sec.gov/Archives/edgar/data/1000184/000110465920025681/0001104659-20-025681-index.html,2019-12-31,2020-02-27,07:04:12,0001104659-20-025681,GRAPHIC,sap-20191231x20f6ea59a030.jpg,17786.0,38.0,GRAPHIC
1000184,SAP SE,20-F,2020-02-27,edgar/data/1000184/0001104659-20-025681.txt,https://www.sec.gov/Archives/edgar/data/1000184/000110465920025681/0001104659-20-025681-index.html,2019-12-31,2020-02-27,07:04:12,0001104659-20-025681,GRAPHIC,sap-20191231x20f6ea59a031.jpg,72065.0,39.0,GRAPHIC
1000184,SAP SE,20-F,2020-02-27,edgar/data/1000184/0001104659-20-025681.txt,https://www.sec.gov/Archives/edgar/data/1000184/000110465920025681/0001104659-20-025681-index.html,2019-12-31,2020-02-27,07:04:12,0001104659-20-025681,GRAPHIC,sap-20191231x20f6ea59a033.jpg,10240.0,40.0,GRAPHIC
1000184,SAP SE,20-F,2020-02-27,edgar/data/1000184/0001104659-20-025681.txt,https://www.sec.gov/Archives/edgar/data/1000184/000110465920025681/0001104659-20-025681-index.html,2019-12-31,2020-02-27,07:04:12,0001104659-20-025681,GRAPHIC,sap-20191231x20f6ea59a034.jpg,20882.0,41.0,GRAPHIC
1000184,SAP SE,20-F,2020-02-27,edgar/data/1000184/0001104659-20-025681.txt,https://www.sec.gov/Archives/edgar/data/1000184/000110465920025681/0001104659-20-025681-index.html,2019-12-31,2020-02-27,07:04:12,0001104659-20-025681,GRAPHIC,sap-20191231x20f6ea59a035.jpg,31266.0,42.0,GRAPHIC
1000184,SAP SE,20-F,2020-02-27,edgar/data/1000184/0001104659-20-025681.txt,https://www.sec.gov/Archives/edgar/data/1000184/000110465920025681/0001104659-20-025681-index.html,2019-12-31,2020-02-27,07:04:12,0001104659-20-025681,GRAPHIC,sap-20191231x20f6ea59a036.jpg,34991.0,43.0,GRAPHIC
1000184,SAP SE,20-F,2020-02-27,edgar/data/1000184/0001104659-20-025681.txt,https://www.sec.gov/Archives/edgar/data/1000184/000110465920025681/0001104659-20-025681-index.html,2019-12-31,2020-02-27,07:04:12,0001104659-20-025681,GRAPHIC,sap-20191231x20f6ea59a037.jpg,51381.0,44.0,GRAPHIC
1000184,SAP SE,20-F,2020-02-27,edgar/data/1000184/0001104659-20-025681.txt,https://www.sec.gov/Archives/edgar/data/1000184/000110465920025681/0001104659-20-025681-index.html,2019-12-31,2020-02-27,07:04:12,0001104659-20-025681,GRAPHIC,sap-20191231x20f6ea59a038.jpg,50171.0,45.0,GRAPHIC
1000184,SAP SE,20-F,2020-02-27,edgar/data/1000184/0001104659-20-025681.txt,https://www.sec.gov/Archives/edgar/data/1000184/000110465920025681/0001104659-20-025681-index.html,2019-12-31,2020-02-27,07:04:12,0001104659-20-025681,GRAPHIC,sap-20191231x20f6ea59a039.jpg,21137.0,46.0,GRAPHIC
1000184,SAP SE,20-F,2020-02-27,edgar/data/1000184/0001104659-20-025681.txt,https://www.sec.gov/Archives/edgar/data/1000184/000110465920025681/0001104659-20-025681-index.html,2019-12-31,2020-02-27,07:04:12,0001104659-20-025681,,0001104659-20-025681.txt,47215153.0,,Complete submission text file
1000184,SAP SE,20-F,2020-02-27,edgar/data/1000184/0001104659-20-025681.txt,https://www.sec.gov/Archives/edgar/data/1000184/000110465920025681/0001104659-20-025681-index.html,2019-12-31,2020-02-27,07:04:12,0001104659-20-025681,EX-101.SCH,sap-20191231.xsd,346794.0,9.0,XBRL TAXONOMY EXTENSION SCHEMA
1000184,SAP SE,20-F,2020-02-27,edgar/data/1000184/0001104659-20-025681.txt,https://www.sec.gov/Archives/edgar/data/1000184/000110465920025681/0001104659-20-025681-index.html,2019-12-31,2020-02-27,07:04:12,0001104659-20-025681,EX-101.CAL,sap-20191231_cal.xml,179124.0,10.0,XBRL TAXONOMY EXTENSION CALCULATION LINKBASE
1000184,SAP SE,20-F,2020-02-27,edgar/data/1000184/0001104659-20-025681.txt,https://www.sec.gov/Archives/edgar/data/1000184/000110465920025681/0001104659-20-025681-index.html,2019-12-31,2020-02-27,07:04:12,0001104659-20-025681,EX-101.DEF,sap-20191231_def.xml,917044.0,11.0,XBRL TAXONOMY EXTENSION DEFINITION LINKBASE
1000184,SAP SE,20-F,2020-02-27,edgar/data/1000184/0001104659-20-025681.txt,https://www.sec.gov/Archives/edgar/data/1000184/000110465920025681/0001104659-20-025681-index.html,2019-12-31,2020-02-27,07:04:12,0001104659-20-025681,EX-101.LAB,sap-20191231_lab.xml,2082712.0,12.0,XBRL TAXONOMY EXTENSION LABEL LINKBASE
1000184,SAP SE,20-F,2020-02-27,edgar/data/1000184/0001104659-20-025681.txt,https://www.sec.gov/Archives/edgar/data/1000184/000110465920025681/0001104659-20-025681-index.html,2019-12-31,2020-02-27,07:04:12,0001104659-20-025681,EX-101.PRE,sap-20191231_pre.xml,1529475.0,13.0,XBRL TAXONOMY EXTENSION PRESENTATION LINKBASE
1000184,SAP SE,20-F,2020-02-27,edgar/data/1000184/0001104659-20-025681.txt,https://www.sec.gov/Archives/edgar/data/1000184/000110465920025681/0001104659-20-025681-index.html,2019-12-31,2020-02-27,07:04:12,0001104659-20-025681,XML,sap-20191231x20f6ea59a_htm.xml,11987249.0,179.0,EXTRACTED XBRL INSTANCE DOCUMENT
1000184,SAP SE,6-K,2020-01-29,edgar/data/1000184/0001104659-20-007820.txt,https://www.sec.gov/Archives/edgar/data/1000184/000110465920007820/0001104659-20-007820-index.html,2020-01-29,2020-01-29,06:46:27,0001104659-20-007820,6-K,a20-6013_16k.htm,29774.0,1.0,6-K
1000184,SAP SE,6-K,2020-01-29,edgar/data/1000184/0001104659-20-007820.txt,https://www.sec.gov/Archives/edgar/data/1000184/000110465920007820/0001104659-20-007820-index.html,2020-01-29,2020-01-29,06:46:27,0001104659-20-007820,EX-99.1,a20-6013_1ex99d1.htm,2650427.0,2.0,EX-99.1
1000184,SAP SE,6-K,2020-01-29,edgar/data/1000184/0001104659-20-007820.txt,https://www.sec.gov/Archives/edgar/data/1000184/000110465920007820/0001104659-20-007820-index.html,2020-01-29,2020-01-29,06:46:27,0001104659-20-007820,GRAPHIC,g60131mm01i001.jpg,2023.0,3.0,GRAPHIC
1000184,SAP SE,6-K,2020-01-29,edgar/data/1000184/0001104659-20-007820.txt,https://www.sec.gov/Archives/edgar/data/1000184/000110465920007820/0001104659-20-007820-index.html,2020-01-29,2020-01-29,06:46:27,0001104659-20-007820,GRAPHIC,g60131mm01i002.jpg,43264.0,4.0,GRAPHIC
1000184,SAP SE,6-K,2020-01-29,edgar/data/1000184/0001104659-20-007820.txt,https://www.sec.gov/Archives/edgar/data/1000184/000110465920007820/0001104659-20-007820-index.html,2020-01-29,2020-01-29,06:46:27,0001104659-20-007820,,0001104659-20-007820.txt,2744035.0,,Complete submission text file
1000184,SAP SE,6-K,2020-02-20,edgar/data/1000184/0001104659-20-023043.txt,https://www.sec.gov/Archives/edgar/data/1000184/000110465920023043/0001104659-20-023043-index.html,2020-02-20,2020-02-20,06:04:02,0001104659-20-023043,6-K,a20-9514_16k.htm,27481.0,1.0,6-K
1000184,SAP SE,6-K,2020-02-20,edgar/data/1000184/0001104659-20-023043.txt,https://www.sec.gov/Archives/edgar/data/1000184/000110465920023043/0001104659-20-023043-index.html,2020-02-20,2020-02-20,06:04:02,0001104659-20-023043,EX-99.1,a20-9514_1ex99d1.htm,16860.0,2.0,EX-99.1
1000184,SAP SE,6-K,2020-02-20,edgar/data/1000184/0001104659-20-023043.txt,https://www.sec.gov/Archives/edgar/data/1000184/000110465920023043/0001104659-20-023043-index.html,2020-02-20,2020-02-20,06:04:02,0001104659-20-023043,GRAPHIC,g95141mmi001.jpg,2718.0,3.0,GRAPHIC
1000184,SAP SE,6-K,2020-02-20,edgar/data/1000184/0001104659-20-023043.txt,https://www.sec.gov/Archives/edgar/data/1000184/000110465920023043/0001104659-20-023043-index.html,2020-02-20,2020-02-20,06:04:02,0001104659-20-023043,,0001104659-20-023043.txt,49406.0,,Complete submission text file
1000184,SAP SE,6-K,2020-02-21,edgar/data/1000184/0001104659-20-023595.txt,https://www.sec.gov/Archives/edgar/data/1000184/000110465920023595/0001104659-20-023595-index.html,2020-02-21,2020-02-21,06:07:47,0001104659-20-023595,6-K,a20-9649_16k.htm,29406.0,1.0,6-K
1000184,SAP SE,6-K,2020-02-21,edgar/data/1000184/0001104659-20-023595.txt,https://www.sec.gov/Archives/edgar/data/1000184/000110465920023595/0001104659-20-023595-index.html,2020-02-21,2020-02-21,06:07:47,0001104659-20-023595,EX-99.1,a20-9649_1ex99d1.htm,16780.0,2.0,EX-99.1
1000184,SAP SE,6-K,2020-02-21,edgar/data/1000184/0001104659-20-023595.txt,https://www.sec.gov/Archives/edgar/data/1000184/000110465920023595/0001104659-20-023595-index.html,2020-02-21,2020-02-21,06:07:47,0001104659-20-023595,GRAPHIC,g96491mmi001.jpg,2803.0,3.0,GRAPHIC
1000184,SAP SE,6-K,2020-02-21,edgar/data/1000184/0001104659-20-023595.txt,https://www.sec.gov/Archives/edgar/data/1000184/000110465920023595/0001104659-20-023595-index.html,2020-02-21,2020-02-21,06:07:47,0001104659-20-023595,,0001104659-20-023595.txt,51371.0,,Complete submission text file
1000184,SAP SE,6-K,2020-02-27,edgar/data/1000184/0001104659-20-025726.txt,https://www.sec.gov/Archives/edgar/data/1000184/000110465920025726/0001104659-20-025726-index.html,2020-02-27,2020-02-27,07:49:44,0001104659-20-025726,6-K,a20-11147_16k.htm,28407.0,1.0,6-K
1000184,SAP SE,6-K,2020-02-27,edgar/data/1000184/0001104659-20-025726.txt,https://www.sec.gov/Archives/edgar/data/1000184/000110465920025726/0001104659-20-025726-index.html,2020-02-27,2020-02-27,07:49:44,0001104659-20-025726,EX-99.1,a20-11147_1ex99d1.htm,10578.0,2.0,EX-99.1
1000184,SAP SE,6-K,2020-02-27,edgar/data/1000184/0001104659-20-025726.txt,https://www.sec.gov/Archives/edgar/data/1000184/000110465920025726/0001104659-20-025726-index.html,2020-02-27,2020-02-27,07:49:44,0001104659-20-025726,GRAPHIC,g111471mmi001.jpg,2803.0,3.0,GRAPHIC
1000184,SAP SE,6-K,2020-02-27,edgar/data/1000184/0001104659-20-025726.txt,https://www.sec.gov/Archives/edgar/data/1000184/000110465920025726/0001104659-20-025726-index.html,2020-02-27,2020-02-27,07:49:44,0001104659-20-025726,,0001104659-20-025726.txt,44172.0,,Complete submission text file
1000184,SAP SE,6-K,2020-03-05,edgar/data/1000184/0001104659-20-029454.txt,https://www.sec.gov/Archives/edgar/data/1000184/000110465920029454/0001104659-20-029454-index.html,2020-03-05,2020-03-05,08:11:08,0001104659-20-029454,6-K,a19-18843_46k.htm,27950.0,1.0,6-K
1000184,SAP SE,6-K,2020-03-05,edgar/data/1000184/0001104659-20-029454.txt,https://www.sec.gov/Archives/edgar/data/1000184/000110465920029454/0001104659-20-029454-index.html,2020-03-05,2020-03-05,08:11:08,0001104659-20-029454,EX-99.1,a19-18843_4ex99d1.htm,8890284.0,2.0,EX-99.1
1000184,SAP SE,6-K,2020-03-05,edgar/data/1000184/0001104659-20-029454.txt,https://www.sec.gov/Archives/edgar/data/1000184/000110465920029454/0001104659-20-029454-index.html,2020-03-05,2020-03-05,08:11:08,0001104659-20-029454,GRAPHIC,g188434mm103i001.gif,621.0,3.0,GRAPHIC
1000184,SAP SE,6-K,2020-03-05,edgar/data/1000184/0001104659-20-029454.txt,https://www.sec.gov/Archives/edgar/data/1000184/000110465920029454/0001104659-20-029454-index.html,2020-03-05,2020-03-05,08:11:08,0001104659-20-029454,GRAPHIC,g188434mm103i002.jpg,748.0,4.0,GRAPHIC
1000184,SAP SE,6-K,2020-03-05,edgar/data/1000184/0001104659-20-029454.txt,https://www.sec.gov/Archives/edgar/data/1000184/000110465920029454/0001104659-20-029454-index.html,2020-03-05,2020-03-05,08:11:08,0001104659-20-029454,GRAPHIC,g188434mm021i001.jpg,13582.0,5.0,GRAPHIC
1000184,SAP SE,6-K,2020-03-05,edgar/data/1000184/0001104659-20-029454.txt,https://www.sec.gov/Archives/edgar/data/1000184/000110465920029454/0001104659-20-029454-index.html,2020-03-05,2020-03-05,08:11:08,0001104659-20-029454,GRAPHIC,g188434mm021i002.jpg,38560.0,6.0,GRAPHIC
1000184,SAP SE,6-K,2020-03-05,edgar/data/1000184/0001104659-20-029454.txt,https://www.sec.gov/Archives/edgar/data/1000184/000110465920029454/0001104659-20-029454-index.html,2020-03-05,2020-03-05,08:11:08,0001104659-20-029454,GRAPHIC,g188434mm021i003.jpg,9051.0,7.0,GRAPHIC
1000184,SAP SE,6-K,2020-03-05,edgar/data/1000184/0001104659-20-029454.txt,https://www.sec.gov/Archives/edgar/data/1000184/000110465920029454/0001104659-20-029454-index.html,2020-03-05,2020-03-05,08:11:08,0001104659-20-029454,GRAPHIC,g188434mm021i004.jpg,14365.0,8.0,GRAPHIC
1000184,SAP SE,6-K,2020-03-05,edgar/data/1000184/0001104659-20-029454.txt,https://www.sec.gov/Archives/edgar/data/1000184/000110465920029454/0001104659-20-029454-index.html,2020-03-05,2020-03-05,08:11:08,0001104659-20-029454,GRAPHIC,g188434mm121i001.jpg,15850.0,9.0,GRAPHIC
1000184,SAP SE,6-K,2020-03-05,edgar/data/1000184/0001104659-20-029454.txt,https://www.sec.gov/Archives/edgar/data/1000184/000110465920029454/0001104659-20-029454-index.html,2020-03-05,2020-03-05,08:11:08,0001104659-20-029454,GRAPHIC,g188434mm121i002.jpg,11095.0,10.0,GRAPHIC
1000184,SAP SE,6-K,2020-03-05,edgar/data/1000184/0001104659-20-029454.txt,https://www.sec.gov/Archives/edgar/data/1000184/000110465920029454/0001104659-20-029454-index.html,2020-03-05,2020-03-05,08:11:08,0001104659-20-029454,GRAPHIC,g188434mm101i001.jpg,433.0,11.0,GRAPHIC
1000184,SAP SE,6-K,2020-03-05,edgar/data/1000184/0001104659-20-029454.txt,https://www.sec.gov/Archives/edgar/data/1000184/000110465920029454/0001104659-20-029454-index.html,2020-03-05,2020-03-05,08:11:08,0001104659-20-029454,GRAPHIC,g188434mm101i002.jpg,728.0,12.0,GRAPHIC
1000184,SAP SE,6-K,2020-03-05,edgar/data/1000184/0001104659-20-029454.txt,https://www.sec.gov/Archives/edgar/data/1000184/000110465920029454/0001104659-20-029454-index.html,2020-03-05,2020-03-05,08:11:08,0001104659-20-029454,GRAPHIC,g188434mm101i003.jpg,692.0,13.0,GRAPHIC
1000184,SAP SE,6-K,2020-03-05,edgar/data/1000184/0001104659-20-029454.txt,https://www.sec.gov/Archives/edgar/data/1000184/000110465920029454/0001104659-20-029454-index.html,2020-03-05,2020-03-05,08:11:08,0001104659-20-029454,GRAPHIC,g188434mm101i004.jpg,728.0,14.0,GRAPHIC
1000184,SAP SE,6-K,2020-03-05,edgar/data/1000184/0001104659-20-029454.txt,https://www.sec.gov/Archives/edgar/data/1000184/000110465920029454/0001104659-20-029454-index.html,2020-03-05,2020-03-05,08:11:08,0001104659-20-029454,GRAPHIC,g188434mm083i001.gif,629.0,15.0,GRAPHIC
1000184,SAP SE,6-K,2020-03-05,edgar/data/1000184/0001104659-20-029454.txt,https://www.sec.gov/Archives/edgar/data/1000184/000110465920029454/0001104659-20-029454-index.html,2020-03-05,2020-03-05,08:11:08,0001104659-20-029454,GRAPHIC,g188434mm083i002.jpg,744.0,16.0,GRAPHIC
1000184,SAP SE,6-K,2020-03-05,edgar/data/1000184/0001104659-20-029454.txt,https://www.sec.gov/Archives/edgar/data/1000184/000110465920029454/0001104659-20-029454-index.html,2020-03-05,2020-03-05,08:11:08,0001104659-20-029454,GRAPHIC,g188434mm093i001.jpg,437.0,17.0,GRAPHIC
1000184,SAP SE,6-K,2020-03-05,edgar/data/1000184/0001104659-20-029454.txt,https://www.sec.gov/Archives/edgar/data/1000184/000110465920029454/0001104659-20-029454-index.html,2020-03-05,2020-03-05,08:11:08,0001104659-20-029454,GRAPHIC,g188434mm093i002.jpg,441.0,18.0,GRAPHIC
1000184,SAP SE,6-K,2020-03-05,edgar/data/1000184/0001104659-20-029454.txt,https://www.sec.gov/Archives/edgar/data/1000184/000110465920029454/0001104659-20-029454-index.html,2020-03-05,2020-03-05,08:11:08,0001104659-20-029454,GRAPHIC,g188434mm011i001.gif,47281.0,19.0,GRAPHIC
1000184,SAP SE,6-K,2020-03-05,edgar/data/1000184/0001104659-20-029454.txt,https://www.sec.gov/Archives/edgar/data/1000184/000110465920029454/0001104659-20-029454-index.html,2020-03-05,2020-03-05,08:11:08,0001104659-20-029454,GRAPHIC,g188434mm011i002.gif,48067.0,20.0,GRAPHIC
1000184,SAP SE,6-K,2020-03-05,edgar/data/1000184/0001104659-20-029454.txt,https://www.sec.gov/Archives/edgar/data/1000184/000110465920029454/0001104659-20-029454-index.html,2020-03-05,2020-03-05,08:11:08,0001104659-20-029454,GRAPHIC,g188434mm011i003.gif,48450.0,21.0,GRAPHIC
1000184,SAP SE,6-K,2020-03-05,edgar/data/1000184/0001104659-20-029454.txt,https://www.sec.gov/Archives/edgar/data/1000184/000110465920029454/0001104659-20-029454-index.html,2020-03-05,2020-03-05,08:11:08,0001104659-20-029454,GRAPHIC,g188434mm011i004.gif,45500.0,22.0,GRAPHIC
1000184,SAP SE,6-K,2020-03-05,edgar/data/1000184/0001104659-20-029454.txt,https://www.sec.gov/Archives/edgar/data/1000184/000110465920029454/0001104659-20-029454-index.html,2020-03-05,2020-03-05,08:11:08,0001104659-20-029454,GRAPHIC,g188434mm011i005.gif,53818.0,23.0,GRAPHIC
1000184,SAP SE,6-K,2020-03-05,edgar/data/1000184/0001104659-20-029454.txt,https://www.sec.gov/Archives/edgar/data/1000184/000110465920029454/0001104659-20-029454-index.html,2020-03-05,2020-03-05,08:11:08,0001104659-20-029454,GRAPHIC,g188434mm011i006.gif,44693.0,24.0,GRAPHIC
1000184,SAP SE,6-K,2020-03-05,edgar/data/1000184/0001104659-20-029454.txt,https://www.sec.gov/Archives/edgar/data/1000184/000110465920029454/0001104659-20-029454-index.html,2020-03-05,2020-03-05,08:11:08,0001104659-20-029454,GRAPHIC,g188434mm011i007.gif,44484.0,25.0,GRAPHIC
1000184,SAP SE,6-K,2020-03-05,edgar/data/1000184/0001104659-20-029454.txt,https://www.sec.gov/Archives/edgar/data/1000184/000110465920029454/0001104659-20-029454-index.html,2020-03-05,2020-03-05,08:11:08,0001104659-20-029454,GRAPHIC,g188434mm011i008.gif,47467.0,26.0,GRAPHIC
1000184,SAP SE,6-K,2020-03-05,edgar/data/1000184/0001104659-20-029454.txt,https://www.sec.gov/Archives/edgar/data/1000184/000110465920029454/0001104659-20-029454-index.html,2020-03-05,2020-03-05,08:11:08,0001104659-20-029454,GRAPHIC,g188434mm011i009.gif,43900.0,27.0,GRAPHIC
1000184,SAP SE,6-K,2020-03-05,edgar/data/1000184/0001104659-20-029454.txt,https://www.sec.gov/Archives/edgar/data/1000184/000110465920029454/0001104659-20-029454-index.html,2020-03-05,2020-03-05,08:11:08,0001104659-20-029454,GRAPHIC,g188434mm099i001.gif,584.0,28.0,GRAPHIC
1000184,SAP SE,6-K,2020-03-05,edgar/data/1000184/0001104659-20-029454.txt,https://www.sec.gov/Archives/edgar/data/1000184/000110465920029454/0001104659-20-029454-index.html,2020-03-05,2020-03-05,08:11:08,0001104659-20-029454,GRAPHIC,g188434mm099i002.gif,584.0,29.0,GRAPHIC
1000184,SAP SE,6-K,2020-03-05,edgar/data/1000184/0001104659-20-029454.txt,https://www.sec.gov/Archives/edgar/data/1000184/000110465920029454/0001104659-20-029454-index.html,2020-03-05,2020-03-05,08:11:08,0001104659-20-029454,GRAPHIC,g188434mm099i003.gif,584.0,30.0,GRAPHIC
1000184,SAP SE,6-K,2020-03-05,edgar/data/1000184/0001104659-20-029454.txt,https://www.sec.gov/Archives/edgar/data/1000184/000110465920029454/0001104659-20-029454-index.html,2020-03-05,2020-03-05,08:11:08,0001104659-20-029454,GRAPHIC,g188434mm095i001.jpg,440.0,31.0,GRAPHIC
1000184,SAP SE,6-K,2020-03-05,edgar/data/1000184/0001104659-20-029454.txt,https://www.sec.gov/Archives/edgar/data/1000184/000110465920029454/0001104659-20-029454-index.html,2020-03-05,2020-03-05,08:11:08,0001104659-20-029454,GRAPHIC,g188434mm095i002.gif,654.0,32.0,GRAPHIC
1000184,SAP SE,6-K,2020-03-05,edgar/data/1000184/0001104659-20-029454.txt,https://www.sec.gov/Archives/edgar/data/1000184/000110465920029454/0001104659-20-029454-index.html,2020-03-05,2020-03-05,08:11:08,0001104659-20-029454,GRAPHIC,g188434mm095i003.jpg,448.0,33.0,GRAPHIC
1000184,SAP SE,6-K,2020-03-05,edgar/data/1000184/0001104659-20-029454.txt,https://www.sec.gov/Archives/edgar/data/1000184/000110465920029454/0001104659-20-029454-index.html,2020-03-05,2020-03-05,08:11:08,0001104659-20-029454,GRAPHIC,g188434mm037i001.jpg,720.0,34.0,GRAPHIC
1000184,SAP SE,6-K,2020-03-05,edgar/data/1000184/0001104659-20-029454.txt,https://www.sec.gov/Archives/edgar/data/1000184/000110465920029454/0001104659-20-029454-index.html,2020-03-05,2020-03-05,08:11:08,0001104659-20-029454,GRAPHIC,g188434mm123i001.gif,7229.0,35.0,GRAPHIC
1000184,SAP SE,6-K,2020-03-05,edgar/data/1000184/0001104659-20-029454.txt,https://www.sec.gov/Archives/edgar/data/1000184/000110465920029454/0001104659-20-029454-index.html,2020-03-05,2020-03-05,08:11:08,0001104659-20-029454,GRAPHIC,g188434mm123i002.gif,7838.0,36.0,GRAPHIC
1000184,SAP SE,6-K,2020-03-05,edgar/data/1000184/0001104659-20-029454.txt,https://www.sec.gov/Archives/edgar/data/1000184/000110465920029454/0001104659-20-029454-index.html,2020-03-05,2020-03-05,08:11:08,0001104659-20-029454,GRAPHIC,g188434mm057i001.jpg,9026.0,37.0,GRAPHIC
1000184,SAP SE,6-K,2020-03-05,edgar/data/1000184/0001104659-20-029454.txt,https://www.sec.gov/Archives/edgar/data/1000184/000110465920029454/0001104659-20-029454-index.html,2020-03-05,2020-03-05,08:11:08,0001104659-20-029454,GRAPHIC,g188434mm057i002.jpg,8822.0,38.0,GRAPHIC
1000184,SAP SE,6-K,2020-03-05,edgar/data/1000184/0001104659-20-029454.txt,https://www.sec.gov/Archives/edgar/data/1000184/000110465920029454/0001104659-20-029454-index.html,2020-03-05,2020-03-05,08:11:08,0001104659-20-029454,GRAPHIC,g188434mm057i003.jpg,11098.0,39.0,GRAPHIC
1000184,SAP SE,6-K,2020-03-05,edgar/data/1000184/0001104659-20-029454.txt,https://www.sec.gov/Archives/edgar/data/1000184/000110465920029454/0001104659-20-029454-index.html,2020-03-05,2020-03-05,08:11:08,0001104659-20-029454,GRAPHIC,g188434mm057i004.jpg,6202.0,40.0,GRAPHIC
1000184,SAP SE,6-K,2020-03-05,edgar/data/1000184/0001104659-20-029454.txt,https://www.sec.gov/Archives/edgar/data/1000184/000110465920029454/0001104659-20-029454-index.html,2020-03-05,2020-03-05,08:11:08,0001104659-20-029454,GRAPHIC,g188434mm051i001.jpg,7687.0,41.0,GRAPHIC
1000184,SAP SE,6-K,2020-03-05,edgar/data/1000184/0001104659-20-029454.txt,https://www.sec.gov/Archives/edgar/data/1000184/000110465920029454/0001104659-20-029454-index.html,2020-03-05,2020-03-05,08:11:08,0001104659-20-029454,GRAPHIC,g188434mm051i002.jpg,7695.0,42.0,GRAPHIC
1000184,SAP SE,6-K,2020-03-05,edgar/data/1000184/0001104659-20-029454.txt,https://www.sec.gov/Archives/edgar/data/1000184/000110465920029454/0001104659-20-029454-index.html,2020-03-05,2020-03-05,08:11:08,0001104659-20-029454,GRAPHIC,g188434mm051i003.jpg,8622.0,43.0,GRAPHIC
1000184,SAP SE,6-K,2020-03-05,edgar/data/1000184/0001104659-20-029454.txt,https://www.sec.gov/Archives/edgar/data/1000184/000110465920029454/0001104659-20-029454-index.html,2020-03-05,2020-03-05,08:11:08,0001104659-20-029454,GRAPHIC,g188434mm051i004.jpg,436.0,44.0,GRAPHIC
1000184,SAP SE,6-K,2020-03-05,edgar/data/1000184/0001104659-20-029454.txt,https://www.sec.gov/Archives/edgar/data/1000184/000110465920029454/0001104659-20-029454-index.html,2020-03-05,2020-03-05,08:11:08,0001104659-20-029454,GRAPHIC,g188434mm065i001.jpg,720.0,45.0,GRAPHIC
1000184,SAP SE,6-K,2020-03-05,edgar/data/1000184/0001104659-20-029454.txt,https://www.sec.gov/Archives/edgar/data/1000184/000110465920029454/0001104659-20-029454-index.html,2020-03-05,2020-03-05,08:11:08,0001104659-20-029454,GRAPHIC,g188434mm065i002.jpg,708.0,46.0,GRAPHIC
1000184,SAP SE,6-K,2020-03-05,edgar/data/1000184/0001104659-20-029454.txt,https://www.sec.gov/Archives/edgar/data/1000184/000110465920029454/0001104659-20-029454-index.html,2020-03-05,2020-03-05,08:11:08,0001104659-20-029454,GRAPHIC,g188434mm065i003.jpg,656.0,47.0,GRAPHIC
1000184,SAP SE,6-K,2020-03-05,edgar/data/1000184/0001104659-20-029454.txt,https://www.sec.gov/Archives/edgar/data/1000184/000110465920029454/0001104659-20-029454-index.html,2020-03-05,2020-03-05,08:11:08,0001104659-20-029454,GRAPHIC,g188434mm065i004.jpg,678.0,48.0,GRAPHIC
1000184,SAP SE,6-K,2020-03-05,edgar/data/1000184/0001104659-20-029454.txt,https://www.sec.gov/Archives/edgar/data/1000184/000110465920029454/0001104659-20-029454-index.html,2020-03-05,2020-03-05,08:11:08,0001104659-20-029454,GRAPHIC,g188434mm065i005.jpg,659.0,49.0,GRAPHIC
1000184,SAP SE,6-K,2020-03-05,edgar/data/1000184/0001104659-20-029454.txt,https://www.sec.gov/Archives/edgar/data/1000184/000110465920029454/0001104659-20-029454-index.html,2020-03-05,2020-03-05,08:11:08,0001104659-20-029454,GRAPHIC,g188434mm023i001.jpg,27844.0,50.0,GRAPHIC
1000184,SAP SE,6-K,2020-03-05,edgar/data/1000184/0001104659-20-029454.txt,https://www.sec.gov/Archives/edgar/data/1000184/000110465920029454/0001104659-20-029454-index.html,2020-03-05,2020-03-05,08:11:08,0001104659-20-029454,GRAPHIC,g188434mm023i002.jpg,26155.0,51.0,GRAPHIC
1000184,SAP SE,6-K,2020-03-05,edgar/data/1000184/0001104659-20-029454.txt,https://www.sec.gov/Archives/edgar/data/1000184/000110465920029454/0001104659-20-029454-index.html,2020-03-05,2020-03-05,08:11:08,0001104659-20-029454,GRAPHIC,g188434mm023i003.jpg,37115.0,52.0,GRAPHIC
1000184,SAP SE,6-K,2020-03-05,edgar/data/1000184/0001104659-20-029454.txt,https://www.sec.gov/Archives/edgar/data/1000184/000110465920029454/0001104659-20-029454-index.html,2020-03-05,2020-03-05,08:11:08,0001104659-20-029454,GRAPHIC,g188434mm059i001.jpg,7609.0,53.0,GRAPHIC
1000184,SAP SE,6-K,2020-03-05,edgar/data/1000184/0001104659-20-029454.txt,https://www.sec.gov/Archives/edgar/data/1000184/000110465920029454/0001104659-20-029454-index.html,2020-03-05,2020-03-05,08:11:08,0001104659-20-029454,GRAPHIC,g188434mm059i002.jpg,5186.0,54.0,GRAPHIC
1000184,SAP SE,6-K,2020-03-05,edgar/data/1000184/0001104659-20-029454.txt,https://www.sec.gov/Archives/edgar/data/1000184/000110465920029454/0001104659-20-029454-index.html,2020-03-05,2020-03-05,08:11:08,0001104659-20-029454,GRAPHIC,g188434mm059i003.gif,13252.0,55.0,GRAPHIC
1000184,SAP SE,6-K,2020-03-05,edgar/data/1000184/0001104659-20-029454.txt,https://www.sec.gov/Archives/edgar/data/1000184/000110465920029454/0001104659-20-029454-index.html,2020-03-05,2020-03-05,08:11:08,0001104659-20-029454,GRAPHIC,g188434mm059i004.jpg,7258.0,56.0,GRAPHIC
1000184,SAP SE,6-K,2020-03-05,edgar/data/1000184/0001104659-20-029454.txt,https://www.sec.gov/Archives/edgar/data/1000184/000110465920029454/0001104659-20-029454-index.html,2020-03-05,2020-03-05,08:11:08,0001104659-20-029454,GRAPHIC,g188434mm059i005.jpg,7722.0,57.0,GRAPHIC
1000184,SAP SE,6-K,2020-03-05,edgar/data/1000184/0001104659-20-029454.txt,https://www.sec.gov/Archives/edgar/data/1000184/000110465920029454/0001104659-20-029454-index.html,2020-03-05,2020-03-05,08:11:08,0001104659-20-029454,GRAPHIC,g188434mm001i001.jpg,23774.0,58.0,GRAPHIC
1000184,SAP SE,6-K,2020-03-05,edgar/data/1000184/0001104659-20-029454.txt,https://www.sec.gov/Archives/edgar/data/1000184/000110465920029454/0001104659-20-029454-index.html,2020-03-05,2020-03-05,08:11:08,0001104659-20-029454,GRAPHIC,g188434mm025i001.jpg,34475.0,59.0,GRAPHIC
1000184,SAP SE,6-K,2020-03-05,edgar/data/1000184/0001104659-20-029454.txt,https://www.sec.gov/Archives/edgar/data/1000184/000110465920029454/0001104659-20-029454-index.html,2020-03-05,2020-03-05,08:11:08,0001104659-20-029454,GRAPHIC,g188434mm025i002.jpg,16649.0,60.0,GRAPHIC
1000184,SAP SE,6-K,2020-03-05,edgar/data/1000184/0001104659-20-029454.txt,https://www.sec.gov/Archives/edgar/data/1000184/000110465920029454/0001104659-20-029454-index.html,2020-03-05,2020-03-05,08:11:08,0001104659-20-029454,GRAPHIC,g188434mm125i001.jpg,7390.0,61.0,GRAPHIC
1000184,SAP SE,6-K,2020-03-05,edgar/data/1000184/0001104659-20-029454.txt,https://www.sec.gov/Archives/edgar/data/1000184/000110465920029454/0001104659-20-029454-index.html,2020-03-05,2020-03-05,08:11:08,0001104659-20-029454,GRAPHIC,g188434mm125i002.jpg,9862.0,62.0,GRAPHIC
1000184,SAP SE,6-K,2020-03-05,edgar/data/1000184/0001104659-20-029454.txt,https://www.sec.gov/Archives/edgar/data/1000184/000110465920029454/0001104659-20-029454-index.html,2020-03-05,2020-03-05,08:11:08,0001104659-20-029454,GRAPHIC,g188434mm081i001.jpg,438.0,63.0,GRAPHIC
1000184,SAP SE,6-K,2020-03-05,edgar/data/1000184/0001104659-20-029454.txt,https://www.sec.gov/Archives/edgar/data/1000184/000110465920029454/0001104659-20-029454-index.html,2020-03-05,2020-03-05,08:11:08,0001104659-20-029454,GRAPHIC,g188434mm081i002.jpg,442.0,64.0,GRAPHIC
1000184,SAP SE,6-K,2020-03-05,edgar/data/1000184/0001104659-20-029454.txt,https://www.sec.gov/Archives/edgar/data/1000184/000110465920029454/0001104659-20-029454-index.html,2020-03-05,2020-03-05,08:11:08,0001104659-20-029454,GRAPHIC,g188434mm081i003.jpg,438.0,65.0,GRAPHIC
1000184,SAP SE,6-K,2020-03-05,edgar/data/1000184/0001104659-20-029454.txt,https://www.sec.gov/Archives/edgar/data/1000184/000110465920029454/0001104659-20-029454-index.html,2020-03-05,2020-03-05,08:11:08,0001104659-20-029454,GRAPHIC,g188434mm081i004.jpg,444.0,66.0,GRAPHIC
1000184,SAP SE,6-K,2020-03-05,edgar/data/1000184/0001104659-20-029454.txt,https://www.sec.gov/Archives/edgar/data/1000184/000110465920029454/0001104659-20-029454-index.html,2020-03-05,2020-03-05,08:11:08,0001104659-20-029454,GRAPHIC,g188434mm081i005.jpg,719.0,67.0,GRAPHIC
1000184,SAP SE,6-K,2020-03-05,edgar/data/1000184/0001104659-20-029454.txt,https://www.sec.gov/Archives/edgar/data/1000184/000110465920029454/0001104659-20-029454-index.html,2020-03-05,2020-03-05,08:11:08,0001104659-20-029454,GRAPHIC,g188434mm081i006.gif,550.0,68.0,GRAPHIC
1000184,SAP SE,6-K,2020-03-05,edgar/data/1000184/0001104659-20-029454.txt,https://www.sec.gov/Archives/edgar/data/1000184/000110465920029454/0001104659-20-029454-index.html,2020-03-05,2020-03-05,08:11:08,0001104659-20-029454,GRAPHIC,g188434mm081i007.gif,314.0,69.0,GRAPHIC
1000184,SAP SE,6-K,2020-03-05,edgar/data/1000184/0001104659-20-029454.txt,https://www.sec.gov/Archives/edgar/data/1000184/000110465920029454/0001104659-20-029454-index.html,2020-03-05,2020-03-05,08:11:08,0001104659-20-029454,GRAPHIC,g188434mm081i008.gif,600.0,70.0,GRAPHIC
1000184,SAP SE,6-K,2020-03-05,edgar/data/1000184/0001104659-20-029454.txt,https://www.sec.gov/Archives/edgar/data/1000184/000110465920029454/0001104659-20-029454-index.html,2020-03-05,2020-03-05,08:11:08,0001104659-20-029454,GRAPHIC,g188434mm039i001.jpg,35060.0,71.0,GRAPHIC
1000184,SAP SE,6-K,2020-03-05,edgar/data/1000184/0001104659-20-029454.txt,https://www.sec.gov/Archives/edgar/data/1000184/000110465920029454/0001104659-20-029454-index.html,2020-03-05,2020-03-05,08:11:08,0001104659-20-029454,GRAPHIC,g188434mm039i002.jpg,450.0,72.0,GRAPHIC
1000184,SAP SE,6-K,2020-03-05,edgar/data/1000184/0001104659-20-029454.txt,https://www.sec.gov/Archives/edgar/data/1000184/000110465920029454/0001104659-20-029454-index.html,2020-03-05,2020-03-05,08:11:08,0001104659-20-029454,GRAPHIC,g188434mm091i001.jpg,427.0,73.0,GRAPHIC
1000184,SAP SE,6-K,2020-03-05,edgar/data/1000184/0001104659-20-029454.txt,https://www.sec.gov/Archives/edgar/data/1000184/000110465920029454/0001104659-20-029454-index.html,2020-03-05,2020-03-05,08:11:08,0001104659-20-029454,GRAPHIC,g188434mm091i002.jpg,420.0,74.0,GRAPHIC
1000184,SAP SE,6-K,2020-03-05,edgar/data/1000184/0001104659-20-029454.txt,https://www.sec.gov/Archives/edgar/data/1000184/000110465920029454/0001104659-20-029454-index.html,2020-03-05,2020-03-05,08:11:08,0001104659-20-029454,GRAPHIC,g188434mm091i003.jpg,432.0,75.0,GRAPHIC
1000184,SAP SE,6-K,2020-03-05,edgar/data/1000184/0001104659-20-029454.txt,https://www.sec.gov/Archives/edgar/data/1000184/000110465920029454/0001104659-20-029454-index.html,2020-03-05,2020-03-05,08:11:08,0001104659-20-029454,GRAPHIC,g188434mm091i004.jpg,439.0,76.0,GRAPHIC
1000184,SAP SE,6-K,2020-03-05,edgar/data/1000184/0001104659-20-029454.txt,https://www.sec.gov/Archives/edgar/data/1000184/000110465920029454/0001104659-20-029454-index.html,2020-03-05,2020-03-05,08:11:08,0001104659-20-029454,GRAPHIC,g188434mm091i005.jpg,445.0,77.0,GRAPHIC
1000184,SAP SE,6-K,2020-03-05,edgar/data/1000184/0001104659-20-029454.txt,https://www.sec.gov/Archives/edgar/data/1000184/000110465920029454/0001104659-20-029454-index.html,2020-03-05,2020-03-05,08:11:08,0001104659-20-029454,GRAPHIC,g188434mm091i006.jpg,455.0,78.0,GRAPHIC
1000184,SAP SE,6-K,2020-03-05,edgar/data/1000184/0001104659-20-029454.txt,https://www.sec.gov/Archives/edgar/data/1000184/000110465920029454/0001104659-20-029454-index.html,2020-03-05,2020-03-05,08:11:08,0001104659-20-029454,GRAPHIC,g188434mm091i007.jpg,429.0,79.0,GRAPHIC
1000184,SAP SE,6-K,2020-03-05,edgar/data/1000184/0001104659-20-029454.txt,https://www.sec.gov/Archives/edgar/data/1000184/000110465920029454/0001104659-20-029454-index.html,2020-03-05,2020-03-05,08:11:08,0001104659-20-029454,GRAPHIC,g188434mm079i001.jpg,437.0,80.0,GRAPHIC
1000184,SAP SE,6-K,2020-03-05,edgar/data/1000184/0001104659-20-029454.txt,https://www.sec.gov/Archives/edgar/data/1000184/000110465920029454/0001104659-20-029454-index.html,2020-03-05,2020-03-05,08:11:08,0001104659-20-029454,GRAPHIC,g188434mm079i002.gif,542.0,81.0,GRAPHIC
1000184,SAP SE,6-K,2020-03-05,edgar/data/1000184/0001104659-20-029454.txt,https://www.sec.gov/Archives/edgar/data/1000184/000110465920029454/0001104659-20-029454-index.html,2020-03-05,2020-03-05,08:11:08,0001104659-20-029454,GRAPHIC,g188434mm079i003.jpg,446.0,82.0,GRAPHIC
1000184,SAP SE,6-K,2020-03-05,edgar/data/1000184/0001104659-20-029454.txt,https://www.sec.gov/Archives/edgar/data/1000184/000110465920029454/0001104659-20-029454-index.html,2020-03-05,2020-03-05,08:11:08,0001104659-20-029454,GRAPHIC,g188434mm079i004.gif,328.0,83.0,GRAPHIC
1000184,SAP SE,6-K,2020-03-05,edgar/data/1000184/0001104659-20-029454.txt,https://www.sec.gov/Archives/edgar/data/1000184/000110465920029454/0001104659-20-029454-index.html,2020-03-05,2020-03-05,08:11:08,0001104659-20-029454,GRAPHIC,g188434mm079i005.gif,542.0,84.0,GRAPHIC
1000184,SAP SE,6-K,2020-03-05,edgar/data/1000184/0001104659-20-029454.txt,https://www.sec.gov/Archives/edgar/data/1000184/000110465920029454/0001104659-20-029454-index.html,2020-03-05,2020-03-05,08:11:08,0001104659-20-029454,GRAPHIC,g188434mm049i001.jpg,9128.0,85.0,GRAPHIC
1000184,SAP SE,6-K,2020-03-05,edgar/data/1000184/0001104659-20-029454.txt,https://www.sec.gov/Archives/edgar/data/1000184/000110465920029454/0001104659-20-029454-index.html,2020-03-05,2020-03-05,08:11:08,0001104659-20-029454,GRAPHIC,g188434mm049i002.jpg,8652.0,86.0,GRAPHIC
1000184,SAP SE,6-K,2020-03-05,edgar/data/1000184/0001104659-20-029454.txt,https://www.sec.gov/Archives/edgar/data/1000184/000110465920029454/0001104659-20-029454-index.html,2020-03-05,2020-03-05,08:11:08,0001104659-20-029454,GRAPHIC,g188434mm049i003.jpg,12973.0,87.0,GRAPHIC
1000184,SAP SE,6-K,2020-03-05,edgar/data/1000184/0001104659-20-029454.txt,https://www.sec.gov/Archives/edgar/data/1000184/000110465920029454/0001104659-20-029454-index.html,2020-03-05,2020-03-05,08:11:08,0001104659-20-029454,GRAPHIC,g188434mm049i004.jpg,436.0,88.0,GRAPHIC
1000184,SAP SE,6-K,2020-03-05,edgar/data/1000184/0001104659-20-029454.txt,https://www.sec.gov/Archives/edgar/data/1000184/000110465920029454/0001104659-20-029454-index.html,2020-03-05,2020-03-05,08:11:08,0001104659-20-029454,GRAPHIC,g188434mm045i001.jpg,12843.0,89.0,GRAPHIC
1000184,SAP SE,6-K,2020-03-05,edgar/data/1000184/0001104659-20-029454.txt,https://www.sec.gov/Archives/edgar/data/1000184/000110465920029454/0001104659-20-029454-index.html,2020-03-05,2020-03-05,08:11:08,0001104659-20-029454,GRAPHIC,g188434mm045i002.jpg,8642.0,90.0,GRAPHIC
1000184,SAP SE,6-K,2020-03-05,edgar/data/1000184/0001104659-20-029454.txt,https://www.sec.gov/Archives/edgar/data/1000184/000110465920029454/0001104659-20-029454-index.html,2020-03-05,2020-03-05,08:11:08,0001104659-20-029454,GRAPHIC,g188434mm085i001.gif,631.0,91.0,GRAPHIC
1000184,SAP SE,6-K,2020-03-05,edgar/data/1000184/0001104659-20-029454.txt,https://www.sec.gov/Archives/edgar/data/1000184/000110465920029454/0001104659-20-029454-index.html,2020-03-05,2020-03-05,08:11:08,0001104659-20-029454,GRAPHIC,g188434mm085i002.gif,328.0,92.0,GRAPHIC
1000184,SAP SE,6-K,2020-03-05,edgar/data/1000184/0001104659-20-029454.txt,https://www.sec.gov/Archives/edgar/data/1000184/000110465920029454/0001104659-20-029454-index.html,2020-03-05,2020-03-05,08:11:08,0001104659-20-029454,GRAPHIC,g188434mm085i003.gif,584.0,93.0,GRAPHIC
1000184,SAP SE,6-K,2020-03-05,edgar/data/1000184/0001104659-20-029454.txt,https://www.sec.gov/Archives/edgar/data/1000184/000110465920029454/0001104659-20-029454-index.html,2020-03-05,2020-03-05,08:11:08,0001104659-20-029454,GRAPHIC,g188434mm085i004.gif,328.0,94.0,GRAPHIC
1000184,SAP SE,6-K,2020-03-05,edgar/data/1000184/0001104659-20-029454.txt,https://www.sec.gov/Archives/edgar/data/1000184/000110465920029454/0001104659-20-029454-index.html,2020-03-05,2020-03-05,08:11:08,0001104659-20-029454,GRAPHIC,g188434mm085i005.gif,654.0,95.0,GRAPHIC
1000184,SAP SE,6-K,2020-03-05,edgar/data/1000184/0001104659-20-029454.txt,https://www.sec.gov/Archives/edgar/data/1000184/000110465920029454/0001104659-20-029454-index.html,2020-03-05,2020-03-05,08:11:08,0001104659-20-029454,GRAPHIC,g188434mm087i001.jpg,425.0,96.0,GRAPHIC
1000184,SAP SE,6-K,2020-03-05,edgar/data/1000184/0001104659-20-029454.txt,https://www.sec.gov/Archives/edgar/data/1000184/000110465920029454/0001104659-20-029454-index.html,2020-03-05,2020-03-05,08:11:08,0001104659-20-029454,GRAPHIC,g188434mm117i001.gif,82182.0,97.0,GRAPHIC
1000184,SAP SE,6-K,2020-03-05,edgar/data/1000184/0001104659-20-029454.txt,https://www.sec.gov/Archives/edgar/data/1000184/000110465920029454/0001104659-20-029454-index.html,2020-03-05,2020-03-05,08:11:08,0001104659-20-029454,GRAPHIC,g188434mm009i001.gif,201014.0,98.0,GRAPHIC
1000184,SAP SE,6-K,2020-03-05,edgar/data/1000184/0001104659-20-029454.txt,https://www.sec.gov/Archives/edgar/data/1000184/000110465920029454/0001104659-20-029454-index.html,2020-03-05,2020-03-05,08:11:08,0001104659-20-029454,GRAPHIC,g188434mm113i001.jpg,463.0,99.0,GRAPHIC
1000184,SAP SE,6-K,2020-03-05,edgar/data/1000184/0001104659-20-029454.txt,https://www.sec.gov/Archives/edgar/data/1000184/000110465920029454/0001104659-20-029454-index.html,2020-03-05,2020-03-05,08:11:08,0001104659-20-029454,GRAPHIC,g188434mm077i001.jpg,493.0,100.0,GRAPHIC
1000184,SAP SE,6-K,2020-03-05,edgar/data/1000184/0001104659-20-029454.txt,https://www.sec.gov/Archives/edgar/data/1000184/000110465920029454/0001104659-20-029454-index.html,2020-03-05,2020-03-05,08:11:08,0001104659-20-029454,GRAPHIC,g188434mm077i002.jpg,436.0,101.0,GRAPHIC
1000184,SAP SE,6-K,2020-03-05,edgar/data/1000184/0001104659-20-029454.txt,https://www.sec.gov/Archives/edgar/data/1000184/000110465920029454/0001104659-20-029454-index.html,2020-03-05,2020-03-05,08:11:08,0001104659-20-029454,GRAPHIC,g188434mm077i003.jpg,500.0,102.0,GRAPHIC
1000184,SAP SE,6-K,2020-03-05,edgar/data/1000184/0001104659-20-029454.txt,https://www.sec.gov/Archives/edgar/data/1000184/000110465920029454/0001104659-20-029454-index.html,2020-03-05,2020-03-05,08:11:08,0001104659-20-029454,GRAPHIC,g188434mm013i001.gif,31618.0,103.0,GRAPHIC
1000184,SAP SE,6-K,2020-03-05,edgar/data/1000184/0001104659-20-029454.txt,https://www.sec.gov/Archives/edgar/data/1000184/000110465920029454/0001104659-20-029454-index.html,2020-03-05,2020-03-05,08:11:08,0001104659-20-029454,GRAPHIC,g188434mm127i001.jpg,22373.0,104.0,GRAPHIC
1000184,SAP SE,6-K,2020-03-05,edgar/data/1000184/0001104659-20-029454.txt,https://www.sec.gov/Archives/edgar/data/1000184/000110465920029454/0001104659-20-029454-index.html,2020-03-05,2020-03-05,08:11:08,0001104659-20-029454,GRAPHIC,g188434mm053i001.jpg,9798.0,105.0,GRAPHIC
1000184,SAP SE,6-K,2020-03-05,edgar/data/1000184/0001104659-20-029454.txt,https://www.sec.gov/Archives/edgar/data/1000184/000110465920029454/0001104659-20-029454-index.html,2020-03-05,2020-03-05,08:11:08,0001104659-20-029454,GRAPHIC,g188434mm053i002.jpg,5921.0,106.0,GRAPHIC
1000184,SAP SE,6-K,2020-03-05,edgar/data/1000184/0001104659-20-029454.txt,https://www.sec.gov/Archives/edgar/data/1000184/000110465920029454/0001104659-20-029454-index.html,2020-03-05,2020-03-05,08:11:08,0001104659-20-029454,GRAPHIC,g188434mm053i003.jpg,10166.0,107.0,GRAPHIC
1000184,SAP SE,6-K,2020-03-05,edgar/data/1000184/0001104659-20-029454.txt,https://www.sec.gov/Archives/edgar/data/1000184/000110465920029454/0001104659-20-029454-index.html,2020-03-05,2020-03-05,08:11:08,0001104659-20-029454,GRAPHIC,g188434mm053i004.jpg,9743.0,108.0,GRAPHIC
1000184,SAP SE,6-K,2020-03-05,edgar/data/1000184/0001104659-20-029454.txt,https://www.sec.gov/Archives/edgar/data/1000184/000110465920029454/0001104659-20-029454-index.html,2020-03-05,2020-03-05,08:11:08,0001104659-20-029454,GRAPHIC,g188434mm053i005.jpg,10848.0,109.0,GRAPHIC
1000184,SAP SE,6-K,2020-03-05,edgar/data/1000184/0001104659-20-029454.txt,https://www.sec.gov/Archives/edgar/data/1000184/000110465920029454/0001104659-20-029454-index.html,2020-03-05,2020-03-05,08:11:08,0001104659-20-029454,GRAPHIC,g188434mm063i001.jpg,13058.0,110.0,GRAPHIC
1000184,SAP SE,6-K,2020-03-05,edgar/data/1000184/0001104659-20-029454.txt,https://www.sec.gov/Archives/edgar/data/1000184/000110465920029454/0001104659-20-029454-index.html,2020-03-05,2020-03-05,08:11:08,0001104659-20-029454,GRAPHIC,g188434mm063i002.gif,1339.0,111.0,GRAPHIC
1000184,SAP SE,6-K,2020-03-05,edgar/data/1000184/0001104659-20-029454.txt,https://www.sec.gov/Archives/edgar/data/1000184/000110465920029454/0001104659-20-029454-index.html,2020-03-05,2020-03-05,08:11:08,0001104659-20-029454,GRAPHIC,g188434mm139i001.gif,8358.0,112.0,GRAPHIC
1000184,SAP SE,6-K,2020-03-05,edgar/data/1000184/0001104659-20-029454.txt,https://www.sec.gov/Archives/edgar/data/1000184/000110465920029454/0001104659-20-029454-index.html,2020-03-05,2020-03-05,08:11:08,0001104659-20-029454,GRAPHIC,g188434mm139i002.jpg,3007.0,113.0,GRAPHIC
1000184,SAP SE,6-K,2020-03-05,edgar/data/1000184/0001104659-20-029454.txt,https://www.sec.gov/Archives/edgar/data/1000184/000110465920029454/0001104659-20-029454-index.html,2020-03-05,2020-03-05,08:11:08,0001104659-20-029454,GRAPHIC,g188434mm105i001.jpg,462.0,114.0,GRAPHIC
1000184,SAP SE,6-K,2020-03-05,edgar/data/1000184/0001104659-20-029454.txt,https://www.sec.gov/Archives/edgar/data/1000184/000110465920029454/0001104659-20-029454-index.html,2020-03-05,2020-03-05,08:11:08,0001104659-20-029454,GRAPHIC,g188434mm097i001.gif,654.0,115.0,GRAPHIC
1000184,SAP SE,6-K,2020-03-05,edgar/data/1000184/0001104659-20-029454.txt,https://www.sec.gov/Archives/edgar/data/1000184/000110465920029454/0001104659-20-029454-index.html,2020-03-05,2020-03-05,08:11:08,0001104659-20-029454,GRAPHIC,g188434mm097i002.jpg,448.0,116.0,GRAPHIC
1000184,SAP SE,6-K,2020-03-05,edgar/data/1000184/0001104659-20-029454.txt,https://www.sec.gov/Archives/edgar/data/1000184/000110465920029454/0001104659-20-029454-index.html,2020-03-05,2020-03-05,08:11:08,0001104659-20-029454,GRAPHIC,g188434mm097i003.jpg,762.0,117.0,GRAPHIC
1000184,SAP SE,6-K,2020-03-05,edgar/data/1000184/0001104659-20-029454.txt,https://www.sec.gov/Archives/edgar/data/1000184/000110465920029454/0001104659-20-029454-index.html,2020-03-05,2020-03-05,08:11:08,0001104659-20-029454,GRAPHIC,g188434mm111i001.gif,433.0,118.0,GRAPHIC
1000184,SAP SE,6-K,2020-03-05,edgar/data/1000184/0001104659-20-029454.txt,https://www.sec.gov/Archives/edgar/data/1000184/000110465920029454/0001104659-20-029454-index.html,2020-03-05,2020-03-05,08:11:08,0001104659-20-029454,GRAPHIC,g188434mm111i002.gif,423.0,119.0,GRAPHIC
1000184,SAP SE,6-K,2020-03-05,edgar/data/1000184/0001104659-20-029454.txt,https://www.sec.gov/Archives/edgar/data/1000184/000110465920029454/0001104659-20-029454-index.html,2020-03-05,2020-03-05,08:11:08,0001104659-20-029454,GRAPHIC,g188434mm111i003.gif,423.0,120.0,GRAPHIC
1000184,SAP SE,6-K,2020-03-05,edgar/data/1000184/0001104659-20-029454.txt,https://www.sec.gov/Archives/edgar/data/1000184/000110465920029454/0001104659-20-029454-index.html,2020-03-05,2020-03-05,08:11:08,0001104659-20-029454,GRAPHIC,g188434mm111i004.gif,424.0,121.0,GRAPHIC
1000184,SAP SE,6-K,2020-03-05,edgar/data/1000184/0001104659-20-029454.txt,https://www.sec.gov/Archives/edgar/data/1000184/000110465920029454/0001104659-20-029454-index.html,2020-03-05,2020-03-05,08:11:08,0001104659-20-029454,GRAPHIC,g188434mm111i005.jpg,463.0,122.0,GRAPHIC
1000184,SAP SE,6-K,2020-03-05,edgar/data/1000184/0001104659-20-029454.txt,https://www.sec.gov/Archives/edgar/data/1000184/000110465920029454/0001104659-20-029454-index.html,2020-03-05,2020-03-05,08:11:08,0001104659-20-029454,GRAPHIC,g188434mm055i001.jpg,5415.0,123.0,GRAPHIC
1000184,SAP SE,6-K,2020-03-05,edgar/data/1000184/0001104659-20-029454.txt,https://www.sec.gov/Archives/edgar/data/1000184/000110465920029454/0001104659-20-029454-index.html,2020-03-05,2020-03-05,08:11:08,0001104659-20-029454,GRAPHIC,g188434mm055i002.jpg,10380.0,124.0,GRAPHIC
1000184,SAP SE,6-K,2020-03-05,edgar/data/1000184/0001104659-20-029454.txt,https://www.sec.gov/Archives/edgar/data/1000184/000110465920029454/0001104659-20-029454-index.html,2020-03-05,2020-03-05,08:11:08,0001104659-20-029454,GRAPHIC,g188434mm055i003.jpg,10117.0,125.0,GRAPHIC
1000184,SAP SE,6-K,2020-03-05,edgar/data/1000184/0001104659-20-029454.txt,https://www.sec.gov/Archives/edgar/data/1000184/000110465920029454/0001104659-20-029454-index.html,2020-03-05,2020-03-05,08:11:08,0001104659-20-029454,GRAPHIC,g188434mm055i004.jpg,9877.0,126.0,GRAPHIC
1000184,SAP SE,6-K,2020-03-05,edgar/data/1000184/0001104659-20-029454.txt,https://www.sec.gov/Archives/edgar/data/1000184/000110465920029454/0001104659-20-029454-index.html,2020-03-05,2020-03-05,08:11:08,0001104659-20-029454,GRAPHIC,g188434mm055i005.jpg,9362.0,127.0,GRAPHIC
1000184,SAP SE,6-K,2020-03-05,edgar/data/1000184/0001104659-20-029454.txt,https://www.sec.gov/Archives/edgar/data/1000184/000110465920029454/0001104659-20-029454-index.html,2020-03-05,2020-03-05,08:11:08,0001104659-20-029454,GRAPHIC,g188434mm055i006.jpg,9758.0,128.0,GRAPHIC
1000184,SAP SE,6-K,2020-03-05,edgar/data/1000184/0001104659-20-029454.txt,https://www.sec.gov/Archives/edgar/data/1000184/000110465920029454/0001104659-20-029454-index.html,2020-03-05,2020-03-05,08:11:08,0001104659-20-029454,GRAPHIC,g188434mm055i007.jpg,9761.0,129.0,GRAPHIC
1000184,SAP SE,6-K,2020-03-05,edgar/data/1000184/0001104659-20-029454.txt,https://www.sec.gov/Archives/edgar/data/1000184/000110465920029454/0001104659-20-029454-index.html,2020-03-05,2020-03-05,08:11:08,0001104659-20-029454,GRAPHIC,g188434mm047i001.jpg,436.0,130.0,GRAPHIC
1000184,SAP SE,6-K,2020-03-05,edgar/data/1000184/0001104659-20-029454.txt,https://www.sec.gov/Archives/edgar/data/1000184/000110465920029454/0001104659-20-029454-index.html,2020-03-05,2020-03-05,08:11:08,0001104659-20-029454,GRAPHIC,g188434mm061i001.gif,461.0,131.0,GRAPHIC
1000184,SAP SE,6-K,2020-03-05,edgar/data/1000184/0001104659-20-029454.txt,https://www.sec.gov/Archives/edgar/data/1000184/000110465920029454/0001104659-20-029454-index.html,2020-03-05,2020-03-05,08:11:08,0001104659-20-029454,GRAPHIC,g188434mm019i001.gif,37088.0,132.0,GRAPHIC
1000184,SAP SE,6-K,2020-03-05,edgar/data/1000184/0001104659-20-029454.txt,https://www.sec.gov/Archives/edgar/data/1000184/000110465920029454/0001104659-20-029454-index.html,2020-03-05,2020-03-05,08:11:08,0001104659-20-029454,GRAPHIC,g188434mm019i002.gif,44099.0,133.0,GRAPHIC
1000184,SAP SE,6-K,2020-03-05,edgar/data/1000184/0001104659-20-029454.txt,https://www.sec.gov/Archives/edgar/data/1000184/000110465920029454/0001104659-20-029454-index.html,2020-03-05,2020-03-05,08:11:08,0001104659-20-029454,GRAPHIC,g188434mm019i003.gif,72645.0,134.0,GRAPHIC
1000184,SAP SE,6-K,2020-03-05,edgar/data/1000184/0001104659-20-029454.txt,https://www.sec.gov/Archives/edgar/data/1000184/000110465920029454/0001104659-20-029454-index.html,2020-03-05,2020-03-05,08:11:08,0001104659-20-029454,GRAPHIC,g188434mm019i004.gif,56686.0,135.0,GRAPHIC
1000184,SAP SE,6-K,2020-03-05,edgar/data/1000184/0001104659-20-029454.txt,https://www.sec.gov/Archives/edgar/data/1000184/000110465920029454/0001104659-20-029454-index.html,2020-03-05,2020-03-05,08:11:08,0001104659-20-029454,GRAPHIC,g188434mm109i001.jpg,437.0,136.0,GRAPHIC
1000184,SAP SE,6-K,2020-03-05,edgar/data/1000184/0001104659-20-029454.txt,https://www.sec.gov/Archives/edgar/data/1000184/000110465920029454/0001104659-20-029454-index.html,2020-03-05,2020-03-05,08:11:08,0001104659-20-029454,,0001104659-20-029454.txt,11186727.0,,Complete submission text file
1000184,SAP SE,IRANNOTICE,2020-02-27,edgar/data/1000184/0001104659-20-025742.txt,https://www.sec.gov/Archives/edgar/data/1000184/000110465920025742/0001104659-20-025742-index.html,NA,2020-02-27,08:28:29,0001104659-20-025742,IRANNOTICE,a19-18843_3irannotice.htm,13008.0,1.0,IRANNOTICE
1000184,SAP SE,IRANNOTICE,2020-02-27,edgar/data/1000184/0001104659-20-025742.txt,https://www.sec.gov/Archives/edgar/data/1000184/000110465920025742/0001104659-20-025742-index.html,NA,2020-02-27,08:28:29,0001104659-20-025742,GRAPHIC,g188433bgi001.jpg,1631.0,2.0,GRAPHIC
1000184,SAP SE,IRANNOTICE,2020-02-27,edgar/data/1000184/0001104659-20-025742.txt,https://www.sec.gov/Archives/edgar/data/1000184/000110465920025742/0001104659-20-025742-index.html,NA,2020-02-27,08:28:29,0001104659-20-025742,GRAPHIC,g188433bgi002.gif,82.0,3.0,GRAPHIC
1000184,SAP SE,IRANNOTICE,2020-02-27,edgar/data/1000184/0001104659-20-025742.txt,https://www.sec.gov/Archives/edgar/data/1000184/000110465920025742/0001104659-20-025742-index.html,NA,2020-02-27,08:28:29,0001104659-20-025742,,0001104659-20-025742.txt,16818.0,,Complete submission text file
1000184,SAP SE,SC 13G/A,2020-02-06,edgar/data/1000184/0000834237-20-006918.txt,https://www.sec.gov/Archives/edgar/data/1000184/000083423720006918/0000834237-20-006918-index.html,NA,2020-02-06,09:10:29,0000834237-20-006918,SC 13G/A,de0007164600_020520.txt,11859.0,1.0,
1000184,SAP SE,SC 13G/A,2020-02-06,edgar/data/1000184/0000834237-20-006918.txt,https://www.sec.gov/Archives/edgar/data/1000184/000083423720006918/0000834237-20-006918-index.html,NA,2020-02-06,09:10:29,0000834237-20-006918,,0000834237-20-006918.txt,13764.0,,Complete submission text file
1000184,SAP SE,SC 13G/A,2020-02-14,edgar/data/1000184/0001140361-20-003297.txt,https://www.sec.gov/Archives/edgar/data/1000184/000114036120003297/0001140361-20-003297-index.html,NA,2020-02-14,11:42:22,0001140361-20-003297,SC 13G/A,formsc13ga.htm,56127.0,1.0,SC 13G/A
1000184,SAP SE,SC 13G/A,2020-02-14,edgar/data/1000184/0001140361-20-003297.txt,https://www.sec.gov/Archives/edgar/data/1000184/000114036120003297/0001140361-20-003297-index.html,NA,2020-02-14,11:42:22,0001140361-20-003297,,0001140361-20-003297.txt,57571.0,,Complete submission text file
